,hyperlink,source_page_id
0,#bodyContent,0
1,/wiki/Main_Page,0
2,/wiki/Wikipedia:Contents,0
3,/wiki/Portal:Current_events,0
4,/wiki/Special:Random,0
5,/wiki/Wikipedia:About,0
6,//en.wikipedia.org/wiki/Wikipedia:Contact_us,0
7,https://donate.wikimedia.org/wiki/Special:FundraiserRedirector?utm_source=donate&utm_medium=sidebar&utm_campaign=C13_en.wikipedia.org&uselang=en,0
8,/wiki/Help:Contents,0
9,/wiki/Help:Introduction,0
10,/wiki/Wikipedia:Community_portal,0
11,/wiki/Special:RecentChanges,0
12,/wiki/Wikipedia:File_upload_wizard,0
13,/wiki/Main_Page,0
14,/wiki/Special:Search,0
15,/w/index.php?title=Special:CreateAccount&returnto=List+of+welding+processes,0
16,/w/index.php?title=Special:UserLogin&returnto=List+of+welding+processes,0
17,/w/index.php?title=Special:CreateAccount&returnto=List+of+welding+processes,0
18,/w/index.php?title=Special:UserLogin&returnto=List+of+welding+processes,0
19,/wiki/Help:Introduction,0
20,/wiki/Special:MyContributions,0
21,/wiki/Special:MyTalk,0
22,#,0
23,#Arc_welding,0
24,#Oxyfuel_gas_welding,0
25,#Resistance_welding,0
26,#Solid-state_welding,0
27,#Other_types_of_welding,0
28,#Notes_and_references,0
29,#See_also,0
30,#External_links,0
31,https://hr.wikipedia.org/wiki/Popis_postupaka_zavarivanja,0
32,https://id.wikipedia.org/wiki/Daftar_proses_pengelasan,0
33,https://ru.wikipedia.org/wiki/%D0%A1%D0%BF%D0%B8%D1%81%D0%BE%D0%BA_%D1%81%D0%B2%D0%B0%D1%80%D0%BE%D1%87%D0%BD%D1%8B%D1%85_%D0%BF%D1%80%D0%BE%D1%86%D0%B5%D1%81%D1%81%D0%BE%D0%B2,0
34,https://www.wikidata.org/wiki/Special:EntityPage/Q6645201#sitelinks-wikipedia,0
35,/wiki/List_of_welding_processes,0
36,/wiki/Talk:List_of_welding_processes,0
37,/wiki/List_of_welding_processes,0
38,/w/index.php?title=List_of_welding_processes&action=edit,0
39,/w/index.php?title=List_of_welding_processes&action=history,0
40,/wiki/List_of_welding_processes,0
41,/w/index.php?title=List_of_welding_processes&action=edit,0
42,/w/index.php?title=List_of_welding_processes&action=history,0
43,/wiki/Special:WhatLinksHere/List_of_welding_processes,0
44,/wiki/Special:RecentChangesLinked/List_of_welding_processes,0
45,/wiki/Wikipedia:File_Upload_Wizard,0
46,/wiki/Special:SpecialPages,0
47,/w/index.php?title=List_of_welding_processes&oldid=1146787346,0
48,/w/index.php?title=List_of_welding_processes&action=info,0
49,/w/index.php?title=Special:CiteThisPage&page=List_of_welding_processes&id=1146787346&wpFormIdentifier=titleform,0
50,https://www.wikidata.org/wiki/Special:EntityPage/Q6645201,0
51,/w/index.php?title=Special:DownloadAsPdf&page=List_of_welding_processes&action=show-download-screen,0
52,/w/index.php?title=List_of_welding_processes&printable=yes,0
53,#cite_note-1,0
54,#cite_note-2,0
55,/w/index.php?title=List_of_welding_processes&action=edit&section=1,0
56,/w/index.php?title=Bare_Metal_Arc_Welding&action=edit&redlink=1,0
57,/wiki/Carbon_Arc_Welding,0
58,/wiki/Flux_Cored_Arc_Welding,0
59,/wiki/Gas_Metal_Arc_Welding,0
60,#cite_note-3,0
61,/wiki/Shielding_gas,0
62,/wiki/Gas_Tungsten_Arc_Welding,0
63,#cite_note-4,0
64,/wiki/Plasma_Arc_Welding,0
65,/wiki/Shielded_Metal_Arc_Welding,0
66,#cite_note-5,0
67,/wiki/Submerged_Arc_Welding,0
68,/wiki/Atomic_Hydrogen_Welding,0
69,/w/index.php?title=List_of_welding_processes&action=edit&section=2,0
70,/w/index.php?title=Air_acetylene_welding&action=edit&redlink=1,0
71,/wiki/Oxyacetylene_welding,0
72,/wiki/Propane,0
73,/wiki/Oxyhydrogen_welding,0
74,/wiki/Pressure_gas_welding,0
75,/w/index.php?title=List_of_welding_processes&action=edit&section=3,0
76,/wiki/Spot_welding,0
77,/wiki/Resistance_seam_welding,0
78,#cite_note-6,0
79,/wiki/Drum_(container),0
80,/wiki/Projection_welding,0
81,/wiki/Flash_welding,0
82,/wiki/Upset_welding,0
83,/w/index.php?title=List_of_welding_processes&action=edit&section=4,0
84,/w/index.php?title=Coextrusion_Welding&action=edit&redlink=1,0
85,/wiki/Cold_welding,0
86,/wiki/Diffusion_welding,0
87,/wiki/Explosion_welding,0
88,/wiki/Magnetic_pulse_welding,0
89,/wiki/Forge_welding,0
90,/wiki/Damascus_steel,0
91,/wiki/Friction_welding,0
92,/wiki/Friction_stir_welding,0
93,/wiki/Friction_stir_spot_welding,0
94,/w/index.php?title=Hot_pressure_welding&action=edit&redlink=1,0
95,/wiki/Hot_isostatic_pressing,0
96,/wiki/Autoclave,0
97,/w/index.php?title=Roll_welding&action=edit&redlink=1,0
98,/wiki/Ultrasonic_welding,0
99,/w/index.php?title=List_of_welding_processes&action=edit&section=5,0
100,/wiki/Electron_beam_welding,0
101,/wiki/Electroslag_welding,0
102,#cite_note-7,0
103,#cite_note-8,0
104,#cite_note-9,0
105,#cite_note-10,0
106,#cite_note-11,0
107,/wiki/Induction_welding,0
108,/wiki/Laser_beam_welding,0
109,/wiki/Laser-hybrid_welding,0
110,/wiki/Laser_beam_welding,0
111,/wiki/Gas_metal_arc_welding,0
112,/wiki/Percussion_welding,0
113,/wiki/Thermite_welding,0
114,/wiki/Electrogas_welding,0
115,/wiki/Stud_arc_welding,0
116,/w/index.php?title=List_of_welding_processes&action=edit&section=6,0
117,#cite_ref-1,0
118,#cite_ref-2,0
119,/wiki/American_Welding_Society,0
120,/wiki/ISBN_(identifier),0
121,/wiki/Special:BookSources/0-87171-560-0,0
122,#cite_ref-3,0
123,#cite_ref-4,0
124,#cite_ref-5,0
125,#cite_ref-6,0
126,#cite_ref-7,0
127,http://www.sharifplus.ir/%D9%85%D8%B7%D8%A7%D9%84%D8%A8-%D8%B9%D9%84%D9%85%DB%8C/%D8%AC%D9%88%D8%B4%DA%A9%D8%A7%D8%B1%DB%8C-%DA%AF%D8%AF%D8%A7%D8%B2%DB%8C-flow-welding.html,0
128,#cite_ref-8,0
129,https://www.alustir.com/english/cast-welding-1894/,0
130,#cite_ref-9,0
131,https://www.alustir.com/english/cast-welding-1894/cast-welding-1896/,0
132,#cite_ref-10,0
133,https://www.alustir.com/english/cast-welding-1899/,0
134,#cite_ref-11,0
135,https://www.alustir.com/english/cast-welding/,0
136,/wiki/New_Jersey,0
137,/wiki/ISBN_(identifier),0
138,/wiki/Special:BookSources/0-13-113029-3,0
139,/wiki/Cleveland,0
140,/wiki/ISBN_(identifier),0
141,/wiki/Special:BookSources/99949-25-82-2,0
142,/w/index.php?title=List_of_welding_processes&action=edit&section=7,0
143,/wiki/Welding,0
144,/wiki/List_of_welding_codes,0
145,/wiki/Symbols_and_conventions_used_in_welding_documentation,0
146,/wiki/Cladding_(metalworking),0
147,/w/index.php?title=List_of_welding_processes&action=edit&section=8,0
148,http://www.keytometals.com/page.aspx?ID=CheckArticle&site=kts&NM=75,0
149,http://www.keytometals.com/page.aspx?ID=CheckArticle&site=kts&NM=76,0
150,/wiki/Template:Metalworking_navbox,0
151,/wiki/Template_talk:Metalworking_navbox,0
152,https://en.wikipedia.org/w/index.php?title=Template:Metalworking_navbox&action=edit,0
153,/wiki/Metalworking,0
154,/wiki/Template:Metalworking_navbox/weld,0
155,/wiki/Template_talk:Metalworking_navbox/weld,0
156,https://en.wikipedia.org/w/index.php?title=Template:Metalworking_navbox/weld&action=edit,0
157,/wiki/Category:Welding,0
158,/wiki/Arc_welding,0
159,/wiki/Atomic_hydrogen_welding,0
160,/wiki/Electrogas_welding,0
161,/wiki/Flash_welding,0
162,/wiki/Flux-cored_arc_welding,0
163,/wiki/Gas_metal_arc_welding,0
164,/wiki/Gas_tungsten_arc_welding,0
165,/wiki/Plasma_arc_welding,0
166,/wiki/Shielded_metal_arc_welding,0
167,/wiki/Submerged_arc_welding,0
168,,0
169,/wiki/Electric_resistance_welding,0
170,/wiki/Electron-beam_welding,0
171,/wiki/Electroslag_welding,0
172,/wiki/Exothermic_welding,0
173,/wiki/Forge_welding,0
174,/wiki/Friction_welding,0
175,/wiki/Friction_stir_welding,0
176,/wiki/Friction_stud_welding,0
177,/wiki/Laser_beam_welding,0
178,/wiki/Laser-hybrid_welding,0
179,/wiki/Magnetic_pulse_welding,0
180,/wiki/Oxy-fuel_welding_and_cutting,0
181,/wiki/Spot_welding,0
182,/wiki/Ultrasonic_welding,0
183,/wiki/Upset_welding,0
184,/wiki/Electrode,0
185,/wiki/Filler_metal,0
186,/wiki/Welding_helmet,0
187,/wiki/Welding_power_supply,0
188,/wiki/Robot_welding,0
189,/wiki/Shielding_gas,0
190,/wiki/Heat-affected_zone,0
191,/wiki/Photokeratitis,0
192,/wiki/Residual_stress,0
193,/wiki/Weldability,0
194,/wiki/Casting,0
195,/wiki/Metal_fabrication,0
196,/wiki/Forming_processes,0
197,/wiki/Jewellery,0
198,/wiki/Machining,0
199,/wiki/Metallurgy,0
200,/wiki/Metalsmith,0
201,/wiki/Outline_of_metalworking,0
202,/wiki/Welding,0
203,https://en.wikipedia.org/w/index.php?title=List_of_welding_processes&oldid=1146787346,0
204,/wiki/Help:Category,0
205,/wiki/Category:Welding,0
206,/wiki/Category:Technology-related_lists,0
207,/wiki/Category:CS1_Persian-language_sources_(fa),0
208,/wiki/Category:Articles_with_short_description,0
209,/wiki/Category:Short_description_is_different_from_Wikidata,0
210,//en.wikipedia.org/wiki/Wikipedia:Text_of_the_Creative_Commons_Attribution-ShareAlike_3.0_Unported_License,0
211,//creativecommons.org/licenses/by-sa/3.0/,0
212,//foundation.wikimedia.org/wiki/Terms_of_Use,0
213,//foundation.wikimedia.org/wiki/Privacy_policy,0
214,//www.wikimediafoundation.org/,0
215,https://foundation.wikimedia.org/wiki/Privacy_policy,0
216,/wiki/Wikipedia:About,0
217,/wiki/Wikipedia:General_disclaimer,0
218,//en.wikipedia.org/wiki/Wikipedia:Contact_us,0
219,//en.m.wikipedia.org/w/index.php?title=List_of_welding_processes&mobileaction=toggle_view_mobile,0
220,https://developer.wikimedia.org,0
221,https://stats.wikimedia.org/#/en.wikipedia.org,0
222,https://foundation.wikimedia.org/wiki/Cookie_statement,0
223,https://wikimediafoundation.org/,0
224,https://www.mediawiki.org/,0
225,#bodyContent,1
226,/wiki/Main_Page,1
227,/wiki/Wikipedia:Contents,1
228,/wiki/Portal:Current_events,1
229,/wiki/Special:Random,1
230,/wiki/Wikipedia:About,1
231,//en.wikipedia.org/wiki/Wikipedia:Contact_us,1
232,https://donate.wikimedia.org/wiki/Special:FundraiserRedirector?utm_source=donate&utm_medium=sidebar&utm_campaign=C13_en.wikipedia.org&uselang=en,1
233,/wiki/Help:Contents,1
234,/wiki/Help:Introduction,1
235,/wiki/Wikipedia:Community_portal,1
236,/wiki/Special:RecentChanges,1
237,/wiki/Wikipedia:File_upload_wizard,1
238,/wiki/Main_Page,1
239,/wiki/Special:Search,1
240,/w/index.php?title=Special:CreateAccount&returnto=List+of+manufacturing+processes,1
241,/w/index.php?title=Special:UserLogin&returnto=List+of+manufacturing+processes,1
242,/w/index.php?title=Special:CreateAccount&returnto=List+of+manufacturing+processes,1
243,/w/index.php?title=Special:UserLogin&returnto=List+of+manufacturing+processes,1
244,/wiki/Help:Introduction,1
245,/wiki/Special:MyContributions,1
246,/wiki/Special:MyTalk,1
247,#,1
248,#Casting,1
249,#Labeling_and_painting,1
250,#Moulding,1
251,#Forming,1
252,#Machining,1
253,#Joining,1
254,#Additive_manufacturing,1
255,#Other,1
256,#See_also,1
257,#References,1
258,https://ar.wikipedia.org/wiki/%D9%82%D8%A7%D8%A6%D9%85%D8%A9_%D8%B9%D9%85%D9%84%D9%8A%D8%A7%D8%AA_%D8%A7%D9%84%D8%AA%D8%B5%D9%86%D9%8A%D8%B9,1
259,https://fr.wikipedia.org/wiki/Proc%C3%A9d%C3%A9_de_fabrication,1
260,https://hi.wikipedia.org/wiki/%E0%A4%B5%E0%A4%BF%E0%A4%A8%E0%A4%BF%E0%A4%B0%E0%A5%8D%E0%A4%AE%E0%A4%BE%E0%A4%A3_%E0%A4%AA%E0%A5%8D%E0%A4%B0%E0%A4%95%E0%A5%8D%E0%A4%B0%E0%A4%BF%E0%A4%AF%E0%A4%BE%E0%A4%93%E0%A4%82_%E0%A4%95%E0%A5%80_%E0%A4%B8%E0%A5%82%E0%A4%9A%E0%A5%80,1
261,https://kk.wikipedia.org/wiki/%D3%A8%D0%BD%D0%B4%D1%96%D1%80%D1%96%D1%81%D1%82%D1%96%D2%A3_%D1%82%D2%AF%D1%80%D1%96,1
262,https://nl.wikipedia.org/wiki/Lijst_van_vormgevingsprocessen,1
263,https://ne.wikipedia.org/wiki/%E0%A4%AE%E0%A5%8D%E0%A4%AF%E0%A4%BE%E0%A4%A8%E0%A5%81%E0%A4%AB%E0%A5%8D%E0%A4%AF%E0%A4%BE%E0%A4%95%E0%A5%8D%E0%A4%9A%E0%A4%B0%E0%A4%BF%E0%A4%99_%E0%A4%AA%E0%A5%8D%E0%A4%B0%E0%A4%95%E0%A5%8D%E0%A4%B0%E0%A4%BF%E0%A4%AF%E0%A4%BE%E0%A4%B9%E0%A4%B0%E0%A5%82%E0%A4%95%E0%A5%8B_%E0%A4%B8%E0%A5%82%E0%A4%9A%E0%A5%80,1
264,https://ru.wikipedia.org/wiki/%D0%92%D0%B8%D0%B4%D1%8B_%D0%BF%D1%80%D0%BE%D0%B8%D0%B7%D0%B2%D0%BE%D0%B4%D1%81%D1%82%D0%B2%D0%B0,1
265,https://sl.wikipedia.org/wiki/Seznam_proizvodnih_procesov,1
266,https://zh.wikipedia.org/wiki/%E5%88%B6%E9%80%A0%E5%B7%A5%E8%89%BA%E5%88%97%E8%A1%A8,1
267,https://www.wikidata.org/wiki/Special:EntityPage/Q2055044#sitelinks-wikipedia,1
268,/wiki/List_of_manufacturing_processes,1
269,/wiki/Talk:List_of_manufacturing_processes,1
270,/wiki/List_of_manufacturing_processes,1
271,/w/index.php?title=List_of_manufacturing_processes&action=edit,1
272,/w/index.php?title=List_of_manufacturing_processes&action=history,1
273,/wiki/List_of_manufacturing_processes,1
274,/w/index.php?title=List_of_manufacturing_processes&action=edit,1
275,/w/index.php?title=List_of_manufacturing_processes&action=history,1
276,/wiki/Special:WhatLinksHere/List_of_manufacturing_processes,1
277,/wiki/Special:RecentChangesLinked/List_of_manufacturing_processes,1
278,/wiki/Wikipedia:File_Upload_Wizard,1
279,/wiki/Special:SpecialPages,1
280,/w/index.php?title=List_of_manufacturing_processes&oldid=1082053647,1
281,/w/index.php?title=List_of_manufacturing_processes&action=info,1
282,/w/index.php?title=Special:CiteThisPage&page=List_of_manufacturing_processes&id=1082053647&wpFormIdentifier=titleform,1
283,https://www.wikidata.org/wiki/Special:EntityPage/Q2055044,1
284,/w/index.php?title=Special:DownloadAsPdf&page=List_of_manufacturing_processes&action=show-download-screen,1
285,/w/index.php?title=List_of_manufacturing_processes&printable=yes,1
286,/wiki/Wikipedia:Protection_policy#pending,1
287,/wiki/Wikipedia:Pending_changes,1
288,https://en.wikipedia.org/w/index.php?title=Special:Log&type=review&page=List_of_manufacturing_processes,1
289,/wiki/File:Question_book-new.svg,1
290,/wiki/Wikipedia:Citing_sources,1
291,/wiki/Wikipedia:Verifiability,1
292,https://en.wikipedia.org/w/index.php?title=List_of_manufacturing_processes&action=edit,1
293,/wiki/Help:Referencing_for_beginners,1
294,/wiki/Wikipedia:Verifiability#Burden_of_evidence,1
295,/wiki/Help:Maintenance_template_removal,1
296,/wiki/Manufacturing,1
297,/wiki/File:Thermal-oxidizer-install.jpg,1
298,/wiki/File:Thermal-oxidizer-install.jpg,1
299,/wiki/Thermal_oxidiser,1
300,/wiki/Molding_(process),1
301,/wiki/Thermoforming,1
302,/wiki/Machining,1
303,/w/index.php?title=List_of_manufacturing_processes&action=edit&section=1,1
304,/wiki/Casting,1
305,/wiki/Centrifugal_casting_(industrial),1
306,/wiki/Continuous_casting,1
307,/wiki/Die_casting,1
308,/wiki/Evaporative-pattern_casting,1
309,/wiki/Full-mold_casting,1
310,/wiki/Lost-foam_casting,1
311,/wiki/Investment_casting,1
312,/wiki/Lost-wax_casting,1
313,/wiki/Investment_casting#Counter-gravity_casting,1
314,#cite_note-1,1
315,/wiki/Lost-foam_casting,1
316,/w/index.php?title=Low_pressure_die_casting&action=edit&redlink=1,1
317,/wiki/Permanent_mold_casting,1
318,/w/index.php?title=Plastic_mold_casting&action=edit&redlink=1,1
319,/wiki/Resin_casting,1
320,/wiki/Sand_casting,1
321,/wiki/Shell_molding,1
322,/wiki/Slush_casting,1
323,/w/index.php?title=Slurry_casting&action=edit&redlink=1,1
324,/wiki/Vacuum_molding_(casting),1
325,#cite_note-2,1
326,/w/index.php?title=List_of_manufacturing_processes&action=edit&section=2,1
327,/wiki/Image,1
328,/wiki/Coating,1
329,/wiki/Laser_engraving,1
330,/wiki/Inkjet_printing,1
331,/wiki/Chemical_vapor_deposition,1
332,/wiki/Sputter_deposition,1
333,/wiki/Plating,1
334,/wiki/Thermal_spraying,1
335,/w/index.php?title=List_of_manufacturing_processes&action=edit&section=3,1
336,/wiki/Moulding_(process)#Types,1
337,/wiki/Powder_metallurgy,1
338,/wiki/Cold_compaction,1
339,/wiki/Sintering,1
340,/wiki/Hot_isostatic_pressing,1
341,/wiki/Metal_injection_moulding,1
342,/wiki/Spray_forming,1
343,/wiki/Plastic,1
344,/wiki/Rapid_prototyping,1
345,/wiki/Injection_moulding,1
346,/wiki/Compression_molding,1
347,/wiki/Transfer_moulding,1
348,/wiki/Plastics_extrusion,1
349,/wiki/Blow_molding,1
350,/wiki/Dip_moulding,1
351,/wiki/Rotational_molding,1
352,/wiki/Thermoforming,1
353,/wiki/Laminating,1
354,/w/index.php?title=Expandable_bead&action=edit&redlink=1,1
355,/wiki/Foam,1
356,/w/index.php?title=Vacuum_plug_assist&action=edit&redlink=1,1
357,/w/index.php?title=Pressure_plug_assist&action=edit&redlink=1,1
358,/w/index.php?title=Matched_mould&action=edit&redlink=1,1
359,/wiki/Shrink_wrap,1
360,/w/index.php?title=List_of_manufacturing_processes&action=edit&section=4,1
361,/wiki/Forming_(metalworking),1
362,/w/index.php?title=End_tube_forming&action=edit&redlink=1,1
363,/wiki/Tube_beading,1
364,/wiki/Forging,1
365,/wiki/Smith_(metalwork),1
366,/wiki/Hammer_forge,1
367,/wiki/Drop_forge,1
368,/wiki/Machine_press,1
369,/wiki/Impact_(mechanics),1
370,/wiki/Extrusion,1
371,/wiki/Forging#Upset_forging,1
372,/w/index.php?title=No_draft&action=edit&redlink=1,1
373,/w/index.php?title=High-energy-rate&action=edit&redlink=1,1
374,/w/index.php?title=Cored&action=edit&redlink=1,1
375,/wiki/Incremental_sheet_forming,1
376,/wiki/Powder_(substance),1
377,/wiki/Rolling_(metalworking),1
378,/wiki/Cold_rolling,1
379,/wiki/Hot_rolling,1
380,/wiki/Sheet_metal,1
381,/wiki/Shape,1
382,https://en.wiktionary.org/wiki/ring,1
383,https://en.wiktionary.org/wiki/transverse,1
384,/wiki/Cryorolling,1
385,/w/index.php?title=Orbital_(metalwork)&action=edit&redlink=1,1
386,/w/index.php?title=Cross-rolling&action=edit&redlink=1,1
387,/wiki/Screw_thread,1
388,/wiki/Screw_thread,1
389,/wiki/Thread_rolling,1
390,/wiki/Extrusion,1
391,/wiki/Impact_extrusion,1
392,/wiki/Machine_press,1
393,/wiki/Embossing_(manufacturing),1
394,/w/index.php?title=Stretch_forming&action=edit&redlink=1,1
395,/wiki/Die_(manufacturing),1
396,/wiki/Drawing_(manufacturing),1
397,/wiki/Sheet_metal,1
398,/wiki/Wire,1
399,/w/index.php?title=Bulging&action=edit&redlink=1,1
400,/wiki/Necking_(engineering),1
401,/w/index.php?title=Nosing_(manufacturing)&action=edit&redlink=1,1
402,/wiki/Deep_drawing,1
403,/wiki/Bending,1
404,/wiki/Hemming_and_seaming,1
405,/wiki/Shearing_(metalworking),1
406,/wiki/Blanking_and_piercing,1
407,/wiki/Cutting,1
408,/wiki/Blanking_and_piercing#Shaving,1
409,/wiki/Notching,1
410,/wiki/Perforating,1
411,/wiki/Nibbling,1
412,/wiki/Die_cutting_(web)#Dinking,1
413,/wiki/Lancing_(shearing),1
414,/wiki/Cutoff_(metalworking),1
415,/wiki/Stamping_(metalworking),1
416,/wiki/Stamping_(metalworking),1
417,/wiki/Leather_stamping,1
418,/wiki/Progressive_stamping,1
419,/wiki/Coining_(metalworking),1
420,/wiki/Straight_shearing,1
421,/wiki/Slitting,1
422,/w/index.php?title=Redrawing&action=edit&redlink=1,1
423,/wiki/Ironing_(metalworking),1
424,/wiki/Flattening,1
425,/wiki/Swaging,1
426,/wiki/Metal_spinning,1
427,/wiki/Peening,1
428,/wiki/Guerin_process,1
429,/w/index.php?title=Wheelon_process&action=edit&redlink=1,1
430,/w/index.php?title=Magnetic_pulse&action=edit&redlink=1,1
431,/wiki/Explosive_forming,1
432,/wiki/Electroforming,1
433,/wiki/Staking_(manufacturing),1
434,/wiki/Hemming_and_seaming,1
435,/wiki/Flanging,1
436,/wiki/Straightening,1
437,/wiki/Decambering,1
438,/wiki/Cold_sizing,1
439,/wiki/Hubbing,1
440,/wiki/Hot_metal_gas_forming,1
441,/wiki/Curling_(metalworking),1
442,/wiki/Hydroforming,1
443,/w/index.php?title=List_of_manufacturing_processes&action=edit&section=5,1
444,/wiki/Machining,1
445,/wiki/Milling_machine,1
446,/wiki/Grist_mill,1
447,/wiki/Hammer_mill,1
448,/wiki/Ball_mill,1
449,/wiki/Buhrstone_mill,1
450,/wiki/Disc_mill,1
451,/wiki/Saw_mill,1
452,/wiki/Steel_mill,1
453,/wiki/Blast_furnace,1
454,/wiki/Smelting,1
455,/wiki/Refining,1
456,/wiki/Reduction_mill,1
457,/wiki/Annealing_(metallurgy),1
458,/wiki/Pickling_(metal),1
459,/wiki/Passivation_(chemistry),1
460,/wiki/Coating,1
461,/wiki/Milling_machine,1
462,/wiki/Turning,1
463,/wiki/Lathe,1
464,/wiki/Facing_(machining),1
465,/wiki/Boring_(manufacturing),1
466,/wiki/Single_pass_bore_finishing,1
467,/wiki/Metal_spinning,1
468,/w/index.php?title=Flow_turning&action=edit&redlink=1,1
469,/wiki/Knurling,1
470,/wiki/Hard_turning,1
471,/w/index.php?title=Cutoff_(parting)&action=edit&redlink=1,1
472,/wiki/Drilling,1
473,/wiki/Friction_drilling,1
474,/wiki/Reaming,1
475,/wiki/Countersinking,1
476,/wiki/Taps_and_dies,1
477,/wiki/Sawing,1
478,/wiki/File_(tool),1
479,/wiki/Broach_(metalworking),1
480,/wiki/Shaping_(metalworking),1
481,/wiki/Horizontal_plane,1
482,/wiki/Vertical_direction,1
483,/w/index.php?title=Special_purpose&action=edit&redlink=1,1
484,/wiki/Planing_(shaping),1
485,/w/index.php?title=Double_housing&action=edit&redlink=1,1
486,/w/index.php?title=Open-side&action=edit&redlink=1,1
487,/w/index.php?title=Edge_or_plate&action=edit&redlink=1,1
488,/w/index.php?title=Pit-type&action=edit&redlink=1,1
489,/wiki/Abrasive_jet_machining,1
490,/wiki/Water_jet_cutting,1
491,/wiki/Photochemical_machining,1
492,/w/index.php?title=Abrasive_belt&action=edit&redlink=1,1
493,/wiki/Honing_(metalworking),1
494,/wiki/Sharpening,1
495,/wiki/Electro-chemical_grinding,1
496,/wiki/Finishing_(manufacturing),1
497,/wiki/Industrial_finishing,1
498,/wiki/Abrasive_blasting,1
499,/wiki/Buffing,1
500,/wiki/Burnishing_(metal),1
501,/wiki/Electroplating,1
502,/wiki/Electropolishing,1
503,/wiki/Magnetic_field-assisted_finishing,1
504,/wiki/Etching,1
505,/wiki/Linishing,1
506,/wiki/Mass_finishing,1
507,/wiki/Tumble_finishing,1
508,/wiki/Spindle_finishing,1
509,/wiki/Vibratory_finishing,1
510,/wiki/Plating,1
511,/wiki/Polishing,1
512,/wiki/Superfinishing,1
513,/wiki/Wire_brushing,1
514,/wiki/Wood_router,1
515,/wiki/Hobbing,1
516,/wiki/Ultrasonic_machining,1
517,/wiki/Electrical_discharge,1
518,/wiki/Electrical_discharge_machining,1
519,/wiki/Electron_beam_machining,1
520,/wiki/Electrochemical_machining,1
521,/wiki/Chemical,1
522,/wiki/Photochemistry,1
523,/wiki/Laser_cutting,1
524,/wiki/Laser_drilling,1
525,/wiki/Grinding_(abrasive_cutting),1
526,/wiki/High_stock_removal,1
527,/wiki/Gashing,1
528,/wiki/Biomachining,1
529,/w/index.php?title=List_of_manufacturing_processes&action=edit&section=6,1
530,/wiki/Welding,1
531,/wiki/Arc_welding,1
532,/wiki/Manual_metal_arc_welding,1
533,/wiki/Shielded_metal,1
534,/wiki/Gas_metal,1
535,/w/index.php?title=Pulsed&action=edit&redlink=1,1
536,/wiki/Short_circuit,1
537,/w/index.php?title=Electrogas&action=edit&redlink=1,1
538,/w/index.php?title=Spray_transfer&action=edit&redlink=1,1
539,/wiki/Gas_tungsten,1
540,/wiki/Flux-cored,1
541,/wiki/Submerged_arc_welding,1
542,/wiki/Plasma_arc,1
543,/wiki/Carbon_arc,1
544,/wiki/Stud_welding,1
545,/w/index.php?title=Electroslag&action=edit&redlink=1,1
546,/wiki/Atomic_hydrogen,1
547,/w/index.php?title=Plasma-MIG&action=edit&redlink=1,1
548,/wiki/Metal_inert_gas,1
549,/w/index.php?title=Impregnated_tape&action=edit&redlink=1,1
550,/wiki/Regulated_Metal_Deposition,1
551,/wiki/Oxy-fuel_welding_and_cutting,1
552,/wiki/Oxygen,1
553,/wiki/Acetylene,1
554,/wiki/Methylacetylene_propadiene,1
555,/w/index.php?title=Air-acetylene&action=edit&redlink=1,1
556,/wiki/Oxyhydrogen,1
557,/w/index.php?title=Pressure_gas&action=edit&redlink=1,1
558,/wiki/Carbon_dioxide,1
559,/wiki/Resistance_welding,1
560,/wiki/Butt_welding,1
561,/wiki/Flash_butt_welding,1
562,/wiki/Shot_welding,1
563,/wiki/Spot_welding,1
564,/wiki/Projection_welding,1
565,/wiki/Seaming_(metalworking),1
566,/wiki/Upset_welding,1
567,/w/index.php?title=Percussion_(manufacturing)&action=edit&redlink=1,1
568,/w/index.php?title=Solid_state_welding&action=edit&redlink=1,1
569,/wiki/Ultrasonic_welding,1
570,/wiki/Explosion_Welding,1
571,/wiki/Diffusion,1
572,/wiki/Machine_press,1
573,/w/index.php?title=Isostatic_hot_gas&action=edit&redlink=1,1
574,/wiki/Vacuum_furnace,1
575,/wiki/Friction_welding,1
576,/wiki/Inertia,1
577,/wiki/Forge,1
578,/wiki/Cold_welding,1
579,/wiki/Rolling_(metalworking),1
580,/wiki/Electron_beam_welding,1
581,/wiki/Laser_welding,1
582,/wiki/Thermite,1
583,/wiki/Induction_welding,1
584,/wiki/Low_frequency,1
585,/wiki/High_frequency,1
586,/w/index.php?title=Heated_metal_plate&action=edit&redlink=1,1
587,/wiki/Solvent_welding,1
588,/wiki/Dielectric,1
589,/wiki/Magnetic_pulse_welding,1
590,/wiki/Radio_frequency_welding,1
591,/w/index.php?title=High_frequency_resistance&action=edit&redlink=1,1
592,/wiki/Electromagnetism,1
593,/w/index.php?title=Flow_welding&action=edit&redlink=1,1
594,/wiki/Resistance_welding,1
595,/wiki/Infrared,1
596,/wiki/Vacuum,1
597,/w/index.php?title=Hot-air-welding&action=edit&redlink=1,1
598,/wiki/Brazing,1
599,/wiki/Torch,1
600,/wiki/Induction_brazing,1
601,/wiki/Furnace_brazing,1
602,/wiki/Brazing#Dip_brazing,1
603,/wiki/Soldering,1
604,/wiki/Iron,1
605,/wiki/Hot_plate,1
606,/wiki/Oven,1
607,/wiki/Induction_heating,1
608,/wiki/Dip_soldering,1
609,/wiki/Wave,1
610,/wiki/Ultrasonic_welding,1
611,/wiki/Sintering,1
612,/wiki/Adhesive_bonding,1
613,/wiki/Thermosetting_plastic,1
614,/wiki/Thermoplastic,1
615,/wiki/Epoxy,1
616,/w/index.php?title=Modified_epoxy&action=edit&redlink=1,1
617,/wiki/Phenolic_resin,1
618,/wiki/Polyurethane,1
619,/w/index.php?title=Adhesive_alloys&action=edit&redlink=1,1
620,/wiki/Fastener,1
621,/wiki/Nail_(engineering),1
622,/wiki/Screw,1
623,/wiki/Nut_(hardware),1
624,/wiki/Screw,1
625,/wiki/Rivet,1
626,/wiki/Clinching_(metalworking),1
627,/wiki/Pin,1
628,/wiki/Cotter_(pin),1
629,/wiki/Groove_(machining),1
630,/wiki/Taper_pin,1
631,/wiki/Spring_pin,1
632,/wiki/Retaining_rings,1
633,/wiki/Quick_release_skewer,1
634,/wiki/Stitch_(textile_arts),1
635,/wiki/Stapling,1
636,/wiki/Press_fitting,1
637,#cite_note-:0-3,1
638,/w/index.php?title=List_of_manufacturing_processes&action=edit&section=7,1
639,/wiki/3D_printing,1
640,#cite_note-:0-3,1
641,/wiki/Direct_metal_laser_sintering,1
642,#cite_note-nsj20140530-4,1
643,/wiki/Filament_winding,1
644,/wiki/Composite_material,1
645,#cite_note-:0-3,1
646,/wiki/Fused_deposition_modeling,1
647,#cite_note-:0-3,1
648,#cite_note-5,1
649,/wiki/Laminated_object_manufacturing,1
650,#cite_note-:0-3,1
651,/wiki/Laser_engineered_net_shaping,1
652,#cite_note-:0-3,1
653,#cite_note-:0-3,1
654,/w/index.php?title=Rapid_Induction_Printing&action=edit&redlink=1,1
655,/wiki/Selective_laser_sintering,1
656,#cite_note-:0-3,1
657,/wiki/Spark_plasma_sintering,1
658,/wiki/Stereolithography,1
659,#cite_note-:0-3,1
660,/w/index.php?title=List_of_manufacturing_processes&action=edit&section=8,1
661,/wiki/Mining,1
662,/wiki/Quarrying,1
663,/wiki/Rock_blasting,1
664,/wiki/Crusher,1
665,/wiki/Chemical_manufacturing,1
666,/wiki/Petroleum_refining_processes,1
667,/wiki/Semiconductor_fabrication,1
668,/wiki/Assembly_line,1
669,/wiki/Packaging_and_labeling,1
670,/wiki/Logistics,1
671,/wiki/Woodworking,1
672,/wiki/Joinery_(woodworking),1
673,/wiki/Lapping,1
674,/wiki/Mortise_and_tenon,1
675,/wiki/Router_(woodworking),1
676,/wiki/Biscuit_joiner,1
677,/wiki/Vulcanization,1
678,/wiki/Heat_treating,1
679,/wiki/Bake-out,1
680,/w/index.php?title=List_of_manufacturing_processes&action=edit&section=9,1
681,/wiki/Worker%E2%80%93machine_activity_chart,1
682,/w/index.php?title=List_of_manufacturing_processes&action=edit&section=10,1
683,#cite_ref-1,1
684,https://web.archive.org/web/20151208123725/http://www.hitchiner.com/countergravity-casting.html,1
685,http://www.hitchiner.com/countergravity-casting.html,1
686,#cite_ref-2,1
687,/wiki/John_Wiley_%26_Sons,1
688,/wiki/ISBN_(identifier),1
689,/wiki/Special:BookSources/978-0470-467008,1
690,#cite_ref-:0_3-0,1
691,#cite_ref-:0_3-1,1
692,#cite_ref-:0_3-2,1
693,#cite_ref-:0_3-3,1
694,#cite_ref-:0_3-4,1
695,#cite_ref-:0_3-5,1
696,#cite_ref-:0_3-6,1
697,#cite_ref-:0_3-7,1
698,#cite_ref-:0_3-8,1
699,https://www.worldcat.org/oclc/27810960,1
700,/wiki/ISBN_(identifier),1
701,/wiki/Special:BookSources/0-13-119462-3,1
702,/wiki/OCLC_(identifier),1
703,https://www.worldcat.org/oclc/27810960,1
704,#cite_ref-nsj20140530_4-0,1
705,https://web.archive.org/web/20140531142711/http://www.newspacejournal.com/2014/05/30/spacex-unveils-its-21st-century-spaceship/,1
706,http://www.newspacejournal.com/2014/05/30/spacex-unveils-its-21st-century-spaceship/,1
707,#cite_ref-5,1
708,https://www.worldcat.org/oclc/34513398,1
709,/wiki/ISBN_(identifier),1
710,/wiki/Special:BookSources/0-7514-0238-9,1
711,/wiki/OCLC_(identifier),1
712,https://www.worldcat.org/oclc/34513398,1
713,/wiki/Template:Cite_book,1
714,/wiki/Category:CS1_maint:_others,1
715,https://en.wikipedia.org/w/index.php?title=List_of_manufacturing_processes&oldid=1082053647,1
716,/wiki/Help:Category,1
717,/wiki/Category:Industrial_processes,1
718,/wiki/Category:Manufacturing-related_lists,1
719,/wiki/Category:CS1_maint:_others,1
720,/wiki/Category:Articles_with_short_description,1
721,/wiki/Category:Short_description_is_different_from_Wikidata,1
722,/wiki/Category:Wikipedia_pending_changes_protected_pages,1
723,/wiki/Category:Articles_needing_additional_references_from_December_2009,1
724,/wiki/Category:All_articles_needing_additional_references,1
725,//en.wikipedia.org/wiki/Wikipedia:Text_of_the_Creative_Commons_Attribution-ShareAlike_3.0_Unported_License,1
726,//creativecommons.org/licenses/by-sa/3.0/,1
727,//foundation.wikimedia.org/wiki/Terms_of_Use,1
728,//foundation.wikimedia.org/wiki/Privacy_policy,1
729,//www.wikimediafoundation.org/,1
730,https://foundation.wikimedia.org/wiki/Privacy_policy,1
731,/wiki/Wikipedia:About,1
732,/wiki/Wikipedia:General_disclaimer,1
733,//en.wikipedia.org/wiki/Wikipedia:Contact_us,1
734,//en.m.wikipedia.org/w/index.php?title=List_of_manufacturing_processes&mobileaction=toggle_view_mobile,1
735,https://developer.wikimedia.org,1
736,https://stats.wikimedia.org/#/en.wikipedia.org,1
737,https://foundation.wikimedia.org/wiki/Cookie_statement,1
738,https://wikimediafoundation.org/,1
739,https://www.mediawiki.org/,1
740,#bodyContent,2
741,/wiki/Main_Page,2
742,/wiki/Wikipedia:Contents,2
743,/wiki/Portal:Current_events,2
744,/wiki/Special:Random,2
745,/wiki/Wikipedia:About,2
746,//en.wikipedia.org/wiki/Wikipedia:Contact_us,2
747,https://donate.wikimedia.org/wiki/Special:FundraiserRedirector?utm_source=donate&utm_medium=sidebar&utm_campaign=C13_en.wikipedia.org&uselang=en,2
748,/wiki/Help:Contents,2
749,/wiki/Help:Introduction,2
750,/wiki/Wikipedia:Community_portal,2
751,/wiki/Special:RecentChanges,2
752,/wiki/Wikipedia:File_upload_wizard,2
753,/wiki/Main_Page,2
754,/wiki/Special:Search,2
755,/w/index.php?title=Special:CreateAccount&returnto=Industrial+processes,2
756,/w/index.php?title=Special:UserLogin&returnto=Industrial+processes,2
757,/w/index.php?title=Special:CreateAccount&returnto=Industrial+processes,2
758,/w/index.php?title=Special:UserLogin&returnto=Industrial+processes,2
759,/wiki/Help:Introduction,2
760,/wiki/Special:MyContributions,2
761,/wiki/Special:MyTalk,2
762,#,2
763,#Chemical_processes_by_main_basic_material,2
764,#Cement_(the_paste_within_concrete),2
765,#Steel,2
766,#Aluminum,2
767,#Fertilizer,2
768,#Other_chemical_processes,2
769,#Electrolysis,2
770,#Cutting,2
771,#Metalworking,2
772,#Iron_and_steel,2
773,#Moulding,2
774,#Separation,2
775,#Distillation,2
776,#Additive_manufacturing,2
777,#Petroleum_and_organic_compounds,2
778,#Organized_by_product,2
779,#See_also,2
780,#References,2
781,https://ar.wikipedia.org/wiki/%D8%B9%D9%85%D9%84%D9%8A%D8%A9_%D8%B5%D9%86%D8%A7%D8%B9%D9%8A%D8%A9,2
782,https://bg.wikipedia.org/wiki/%D0%9F%D1%80%D0%BE%D0%B8%D0%B7%D0%B2%D0%BE%D0%B4%D1%81%D1%82%D0%B2%D0%B5%D0%BD_%D0%BF%D1%80%D0%BE%D1%86%D0%B5%D1%81,2
783,https://ca.wikipedia.org/wiki/Proc%C3%A9s_industrial,2
784,https://sn.wikipedia.org/wiki/Bundutso,2
785,https://de.wikipedia.org/wiki/Produktionsprozess,2
786,https://es.wikipedia.org/wiki/Procesos_industriales,2
787,https://fa.wikipedia.org/wiki/%D9%81%D8%B1%D8%A7%DB%8C%D9%86%D8%AF%D9%87%D8%A7%DB%8C_%D8%B5%D9%86%D8%B9%D8%AA%DB%8C,2
788,https://fr.wikipedia.org/wiki/Proc%C3%A9d%C3%A9_industriel,2
789,https://gl.wikipedia.org/wiki/Procesos_industriais,2
790,https://hi.wikipedia.org/wiki/%E0%A4%94%E0%A4%A6%E0%A5%8D%E0%A4%AF%E0%A5%8B%E0%A4%97%E0%A4%BF%E0%A4%95_%E0%A4%AA%E0%A5%8D%E0%A4%B0%E0%A4%95%E0%A5%8D%E0%A4%B0%E0%A4%AE%E0%A5%8B%E0%A4%82_%E0%A4%95%E0%A5%80_%E0%A4%B8%E0%A5%82%E0%A4%9A%E0%A5%80,2
791,https://hr.wikipedia.org/wiki/Proizvodni_proces,2
792,https://it.wikipedia.org/wiki/Processo_di_produzione_industriale,2
793,https://he.wikipedia.org/wiki/%D7%AA%D7%94%D7%9C%D7%99%D7%9B%D7%99_%D7%99%D7%99%D7%A6%D7%95%D7%A8_%D7%9E%D7%9B%D7%A0%D7%99,2
794,https://kk.wikipedia.org/wiki/%D3%A8%D0%BD%D0%B4%D1%96%D1%80%D1%96%D1%81%D1%82%D1%96%D0%BA_%D2%AF%D0%B4%D0%B5%D1%80%D1%96%D1%81,2
795,https://nl.wikipedia.org/wiki/Productieproces,2
796,https://ja.wikipedia.org/wiki/%E5%B7%A5%E7%A8%8B,2
797,https://no.wikipedia.org/wiki/Prosessindustri,2
798,https://pl.wikipedia.org/wiki/Proces_produkcyjny,2
799,https://pt.wikipedia.org/wiki/Processo_industrial,2
800,https://ro.wikipedia.org/wiki/Opera%C8%9Bii_de_prelucrare_a_materialelor,2
801,https://ru.wikipedia.org/wiki/%D0%9F%D1%80%D0%BE%D0%B8%D0%B7%D0%B2%D0%BE%D0%B4%D1%81%D1%82%D0%B2%D0%B5%D0%BD%D0%BD%D1%8B%D0%B9_%D0%BF%D1%80%D0%BE%D1%86%D0%B5%D1%81%D1%81,2
802,https://tr.wikipedia.org/wiki/End%C3%BCstriyel_s%C3%BCre%C3%A7,2
803,https://uk.wikipedia.org/wiki/%D0%92%D0%B8%D1%80%D0%BE%D0%B1%D0%BD%D0%B8%D1%87%D0%B8%D0%B9_%D0%BF%D1%80%D0%BE%D1%86%D0%B5%D1%81,2
804,https://www.wikidata.org/wiki/Special:EntityPage/Q1408286#sitelinks-wikipedia,2
805,/wiki/Industrial_processes,2
806,/wiki/Talk:Industrial_processes,2
807,/wiki/Industrial_processes,2
808,/w/index.php?title=Industrial_processes&action=edit,2
809,/w/index.php?title=Industrial_processes&action=history,2
810,/wiki/Industrial_processes,2
811,/w/index.php?title=Industrial_processes&action=edit,2
812,/w/index.php?title=Industrial_processes&action=history,2
813,/wiki/Special:WhatLinksHere/Industrial_processes,2
814,/wiki/Special:RecentChangesLinked/Industrial_processes,2
815,/wiki/Wikipedia:File_Upload_Wizard,2
816,/wiki/Special:SpecialPages,2
817,/w/index.php?title=Industrial_processes&oldid=1145294380,2
818,/w/index.php?title=Industrial_processes&action=info,2
819,/w/index.php?title=Special:CiteThisPage&page=Industrial_processes&id=1145294380&wpFormIdentifier=titleform,2
820,https://www.wikidata.org/wiki/Special:EntityPage/Q1408286,2
821,/w/index.php?title=Special:DownloadAsPdf&page=Industrial_processes&action=show-download-screen,2
822,/w/index.php?title=Industrial_processes&printable=yes,2
823,"/wiki/File:Paolo_Monti_-_Servizio_fotografico_(Legnano,_1958)_-_BEIC_6361475.jpg",2
824,"/wiki/File:Paolo_Monti_-_Servizio_fotografico_(Legnano,_1958)_-_BEIC_6361475.jpg",2
825,/wiki/Chemistry,2
826,/wiki/Physics,2
827,/wiki/Electronics,2
828,/wiki/Mechanization,2
829,/w/index.php?title=Industrial_processes&action=edit&section=1,2
830,/wiki/Cement,2
831,/wiki/Steel,2
832,/wiki/Aluminum,2
833,/wiki/Fertilizer,2
834,/wiki/Climate_change,2
835,/wiki/Carbon_dioxide,2
836,/wiki/Greenhouse_gas,2
837,/wiki/Fossil_fuels,2
838,/wiki/Activation_energy,2
839,/w/index.php?title=Industrial_processes&action=edit&section=2,2
840,/wiki/Calcination,2
841,/wiki/Limestone,2
842,/wiki/Calcium_carbonate,2
843,/wiki/Calcium_oxide,2
844,/wiki/By-product,2
845,/wiki/Cement,2
846,/wiki/Concrete,2
847,/wiki/Flux_(metallurgy),2
848,/wiki/Blast_furnace,2
849,/w/index.php?title=Industrial_processes&action=edit&section=3,2
850,/wiki/Smelting,2
851,/wiki/Blast_furnace,2
852,/wiki/Carbon_monoxide,2
853,/wiki/Coke_(fuel),2
854,/wiki/Coal,2
855,/wiki/Ore,2
856,/wiki/Blast_furnace#Process_engineering_and_chemistry,2
857,/wiki/Steel,2
858,/wiki/Iron_ore,2
859,#cite_note-Formulae2-1,2
860,/w/index.php?title=Industrial_processes&action=edit&section=4,2
861,/wiki/Hall%E2%80%93H%C3%A9roult_process,2
862,/wiki/Electrolysis,2
863,/w/index.php?title=Industrial_processes&action=edit&section=5,2
864,/wiki/Haber_process,2
865,/wiki/Fertilizer,2
866,/wiki/Fossil_fuel,2
867,/wiki/Natural_gas,2
868,/wiki/Water-gas_shift_reaction,2
869,/wiki/Hydrogen,2
870,/wiki/Ammonia_production,2
871,/w/index.php?title=Industrial_processes&action=edit&section=6,2
872,/wiki/Chemical_process,2
873,/wiki/Pyroprocessing,2
874,/wiki/Cement_kiln,2
875,/wiki/Disinfection,2
876,/w/index.php?title=Industrial_processes&action=edit&section=7,2
877,/wiki/Electrolysis,2
878,/wiki/Gilding,2
879,/wiki/Electroplating,2
880,/wiki/Anodization,2
881,/wiki/Electrowinning,2
882,/wiki/Electropolishing,2
883,/wiki/Electrofocusing,2
884,/wiki/Electrolytic_process,2
885,/wiki/Electrophoretic_deposition,2
886,/wiki/Electrotyping,2
887,/wiki/Metallizing,2
888,/wiki/Plating,2
889,/wiki/Spin_coating,2
890,/w/index.php?title=Industrial_processes&action=edit&section=8,2
891,/wiki/Shearing_(manufacturing),2
892,/wiki/Sawing,2
893,/wiki/Plasma_cutting,2
894,/wiki/Water-jet_cutting,2
895,/wiki/Oxyacetylene,2
896,/wiki/Electrical_discharge_machining,2
897,/wiki/Machining,2
898,/wiki/Laser_cutting,2
899,/w/index.php?title=Industrial_processes&action=edit&section=9,2
900,/wiki/Fabrication_(metal),2
901,/wiki/Metalworking,2
902,/wiki/Smelting,2
903,/wiki/Forging,2
904,/wiki/Casting,2
905,/wiki/Steelmaking,2
906,/wiki/Progressive_stamping,2
907,/wiki/Stamping_(metalworking),2
908,/wiki/Hydroforming,2
909,/wiki/Sandblasting,2
910,/wiki/Soldering,2
911,/wiki/Brazing,2
912,/wiki/Welding,2
913,/wiki/Tumble_polishing,2
914,/wiki/Precipitation_hardening,2
915,/wiki/Work_hardening,2
916,/wiki/Case_hardening,2
917,/wiki/Differential_hardening,2
918,/wiki/Shot_peening,2
919,/wiki/Die_(manufacturing),2
920,/wiki/Electric_arc_furnace,2
921,/w/index.php?title=Industrial_processes&action=edit&section=10,2
922,/wiki/Smelting,2
923,/wiki/Catalan_forge,2
924,/wiki/Open_hearth_furnace,2
925,/wiki/Bloomery,2
926,/wiki/Siemens_regenerative_furnace,2
927,/wiki/Blast_furnace,2
928,/wiki/Direct_reduced_iron,2
929,/wiki/Crucible_steel,2
930,/wiki/Cementation_process,2
931,/wiki/Bessemer_process,2
932,/wiki/Basic_oxygen_steelmaking,2
933,/w/index.php?title=Industrial_processes&action=edit&section=11,2
934,/wiki/Casting,2
935,/wiki/Sand_casting,2
936,/wiki/Sintering,2
937,/wiki/Powder_metallurgy,2
938,/wiki/Blow_molding,2
939,/wiki/Plastic_container,2
940,/wiki/Glass_container_industry,2
941,/wiki/Compression_molding,2
942,/w/index.php?title=Industrial_processes&action=edit&section=12,2
943,/wiki/Comminution,2
944,/wiki/Froth_flotation,2
945,/wiki/Flotation_process,2
946,/wiki/Liquid%E2%80%93liquid_extraction,2
947,/wiki/Frasch_process,2
948,/w/index.php?title=Industrial_processes&action=edit&section=13,2
949,/wiki/Distillation,2
950,/wiki/Volatility_(chemistry),2
951,/wiki/Evaporation,2
952,/wiki/Condensation,2
953,/wiki/Fractional_distillation,2
954,/wiki/Steam_distillation,2
955,/wiki/Vacuum_distillation,2
956,/wiki/Batch_distillation,2
957,/wiki/Continuous_distillation,2
958,/wiki/Fractionating_column,2
959,/wiki/Spinning_cone,2
960,/w/index.php?title=Industrial_processes&action=edit&section=14,2
961,/wiki/Additive_manufacturing,2
962,/wiki/Fused_deposition_modeling,2
963,/wiki/Stereolithography,2
964,/wiki/Selective_laser_sintering,2
965,/wiki/Photolithography,2
966,/w/index.php?title=Industrial_processes&action=edit&section=15,2
967,/wiki/Cracking_(chemistry),2
968,/wiki/Alkylation,2
969,/wiki/Burton_process,2
970,/wiki/Cumene_process,2
971,/wiki/Friedel-Crafts_reaction,2
972,/wiki/Kolbe-Schmitt_reaction,2
973,/wiki/Olefin_metathesis,2
974,/wiki/Thermal_depolymerization,2
975,/wiki/Transesterification,2
976,/wiki/Raschig_hydroxylamine_process,2
977,/wiki/Hydroxylamine,2
978,/wiki/Oxo_process,2
979,/wiki/Polymerisation,2
980,/w/index.php?title=Industrial_processes&action=edit&section=16,2
981,/wiki/Hall-H%C3%A9roult_process,2
982,/wiki/Deville_process,2
983,/wiki/Bayer_process,2
984,/wiki/W%C3%B6hler_process,2
985,/wiki/Ammonia,2
986,/wiki/Fertilizer,2
987,/wiki/Haber_process,2
988,/wiki/Bromine,2
989,/wiki/Dow_process,2
990,/wiki/Chlorine,2
991,/wiki/Chloralkali_process,2
992,/wiki/Weldon_process,2
993,/wiki/Sodium_hypochlorite#Production,2
994,/wiki/Rendering_(industrial),2
995,/wiki/Fertilizer,2
996,/wiki/Nitrophosphate_process,2
997,/wiki/Float_glass,2
998,/wiki/Bacterial_oxidation,2
999,/wiki/Parkes_process,2
1000,/wiki/Graphite,2
1001,/wiki/Acheson_process,2
1002,/wiki/Heavy_water,2
1003,/wiki/Girdler_sulfide_process,2
1004,/wiki/Hydrogen,2
1005,/wiki/Water%E2%80%93gas_shift_reaction,2
1006,/wiki/Steam_reforming,2
1007,/wiki/Bismuth,2
1008,/wiki/Betts_electrolytic_process,2
1009,/wiki/Betterton-Kroll_process,2
1010,/wiki/Nickel,2
1011,/wiki/Mond_process,2
1012,/wiki/Nitric_acid,2
1013,/wiki/Ostwald_process,2
1014,/wiki/Pulping,2
1015,/wiki/Kraft_process,2
1016,/wiki/Fourdrinier_machine,2
1017,/wiki/Vulcanization,2
1018,/wiki/Alberger_process,2
1019,/wiki/Grainer_evaporation_process,2
1020,/wiki/Semiconductor,2
1021,/wiki/Bridgman%E2%80%93Stockbarger_method,2
1022,/wiki/Czochralski_method,2
1023,/wiki/Patio_process,2
1024,/wiki/Parkes_process,2
1025,/wiki/Silicon_carbide,2
1026,/wiki/Acheson_process,2
1027,/wiki/Lely_process,2
1028,/wiki/Sodium_carbonate,2
1029,/wiki/Leblanc_process,2
1030,/wiki/Solvay_process,2
1031,/wiki/Leblanc-Deacon_process,2
1032,/wiki/Sulfuric_acid,2
1033,/wiki/Lead_chamber_process,2
1034,/wiki/Contact_process,2
1035,/wiki/Titanium,2
1036,/wiki/Hunter_process,2
1037,/wiki/Kroll_process,2
1038,/wiki/Zirconium,2
1039,/wiki/Hunter_process,2
1040,/wiki/Kroll_process,2
1041,/wiki/Van_Arkel%E2%80%93de_Boer_process,2
1042,/wiki/Alberger_process,2
1043,/wiki/Grainer_evaporation_process,2
1044,/wiki/Bacterial_oxidation,2
1045,/wiki/Bayer_process,2
1046,/wiki/Chloralkali_process,2
1047,/wiki/Weldon_process,2
1048,/wiki/Dow_process,2
1049,/wiki/Girdler_sulfide_process,2
1050,/wiki/Hunter_process,2
1051,/wiki/Kroll_process,2
1052,/wiki/Industrial_rendering,2
1053,/wiki/Lead_chamber_process,2
1054,/wiki/Contact_process,2
1055,/wiki/Mond_process,2
1056,/wiki/Nickel,2
1057,/wiki/Nitrophosphate_process,2
1058,/wiki/Ostwald_process,2
1059,/wiki/Packaging,2
1060,/wiki/Pidgeon_process,2
1061,/wiki/Steam_reforming,2
1062,/wiki/Water_gas_shift_reaction,2
1063,/wiki/Vacuum_metalising,2
1064,/wiki/Van_Arkel%E2%80%93de_Boer_process,2
1065,/wiki/Formox_process,2
1066,/w/index.php?title=Industrial_processes&action=edit&section=17,2
1067,/wiki/Chemical_engineering,2
1068,/wiki/Mass_production,2
1069,/w/index.php?title=Industrial_processes&action=edit&section=18,2
1070,#cite_ref-Formulae2_1-0,2
1071,https://web.archive.org/web/20071217143213/http://www.scienceaid.co.uk/chemistry/industrial/blastfurnace.html,2
1072,http://www.scienceaid.co.uk/chemistry/industrial/blastfurnace.html,2
1073,/wiki/Template:Industries,2
1074,/wiki/Template_talk:Industries,2
1075,https://en.wikipedia.org/w/index.php?title=Template:Industries&action=edit,2
1076,/wiki/Industry_(economics),2
1077,/wiki/Primary_sector_of_the_economy,2
1078,/wiki/Agriculture,2
1079,/wiki/Arable_farming,2
1080,/wiki/Cereal#Production,2
1081,/wiki/Legume#Uses,2
1082,/wiki/Vegetable_farming,2
1083,/wiki/Fiber_crop,2
1084,/wiki/Vegetable_oil,2
1085,/wiki/Sugar_industry,2
1086,/wiki/Tobacco_industry,2
1087,/wiki/Permanent_crop,2
1088,/wiki/Pome,2
1089,/wiki/Berry#Commercial_production,2
1090,/wiki/Citrus_production,2
1091,/wiki/Drupe,2
1092,/wiki/List_of_culinary_fruits#Tropical_and_tropical-like_fruit,2
1093,/wiki/Viticulture,2
1094,/wiki/Cocoa_bean#Cultivation,2
1095,/wiki/Coffee_industry,2
1096,/wiki/Tea#Production,2
1097,/wiki/Nut_(fruit)#Production,2
1098,/wiki/Olive,2
1099,/wiki/Medicinal_plants,2
1100,/wiki/Spice,2
1101,/wiki/Horticulture_industry,2
1102,/wiki/Floral_industry,2
1103,/wiki/Seed_company,2
1104,/wiki/Animal_husbandry,2
1105,/wiki/Beef_cattle,2
1106,/wiki/Dairy_farming#Market,2
1107,/wiki/Fur_farming,2
1108,/wiki/Horse_industry,2
1109,/wiki/Livestock,2
1110,/wiki/Pig_farming,2
1111,/wiki/Wool#Production,2
1112,/wiki/Poultry_farming,2
1113,/wiki/Beekeeping,2
1114,/wiki/Cochineal#Farming,2
1115,/wiki/Lac,2
1116,/wiki/Silk#Production_process,2
1117,/wiki/Hunting,2
1118,/wiki/Trapping,2
1119,/wiki/Forestry,2
1120,/wiki/Silviculture,2
1121,/wiki/Bamboo_cultivation,2
1122,/wiki/Logging,2
1123,/wiki/Firewood,2
1124,/wiki/Rattan#Economic_and_environmental_issues,2
1125,/w/index.php?title=Tree_tapping&action=edit&redlink=1,2
1126,/wiki/Frankincense#Production,2
1127,/wiki/Gum_arabic#Production,2
1128,/wiki/Gutta-percha#Uses,2
1129,/wiki/Maple_syrup#Production,2
1130,/wiki/Mastic_(plant_resin)#Cultivation,2
1131,/wiki/Natural_rubber#Production,2
1132,/wiki/Palm_sugar,2
1133,/wiki/Palm_syrup,2
1134,/wiki/Palm_wine,2
1135,/wiki/Naval_stores_industry,2
1136,/wiki/Mushroom_hunting,2
1137,/wiki/Fungiculture,2
1138,/wiki/Truffle,2
1139,/wiki/Fishing_industry,2
1140,/wiki/Anchovy#Fisheries,2
1141,/wiki/Herring#Fisheries,2
1142,/wiki/Sardine#Fisheries,2
1143,/wiki/Cod_fisheries,2
1144,/wiki/Haddock#Fisheries,2
1145,/wiki/Alaska_pollock#Fisheries,2
1146,/wiki/Mackerel#Fisheries,2
1147,/wiki/Shark#Fishery,2
1148,/wiki/Swordfish#Fisheries,2
1149,/wiki/Tuna#Fishing_industry,2
1150,/wiki/Crab_fisheries,2
1151,/wiki/Lobster_fishing,2
1152,/wiki/Sea_urchin#As_food,2
1153,/wiki/Squid#Commercial_fishing,2
1154,/wiki/Whaling,2
1155,/wiki/Aquaculture,2
1156,/wiki/Carp#Aquaculture,2
1157,/wiki/Aquaculture_of_catfish,2
1158,/wiki/Aquaculture_of_tilapia,2
1159,/wiki/Abalone#Farming,2
1160,/wiki/Mussel#Aquaculture,2
1161,/wiki/Oyster_farming,2
1162,/wiki/Cultured_pearl,2
1163,/wiki/Culture_of_microalgae_in_hatcheries,2
1164,/wiki/Seaweed_farming,2
1165,/wiki/Clam_digging,2
1166,/wiki/Sea_cucumber_as_food,2
1167,/wiki/Scallop#Seafood_industry,2
1168,/wiki/Salmon,2
1169,/wiki/Shrimp#Human_uses,2
1170,/wiki/Fossil_fuel_industry,2
1171,/wiki/Coal_industry,2
1172,/wiki/Peat,2
1173,/wiki/Natural_gas,2
1174,/wiki/Oil_shale_industry,2
1175,/wiki/Petroleum_industry,2
1176,/wiki/Oil_sands,2
1177,/wiki/Mining,2
1178,/wiki/Ore,2
1179,/wiki/Aluminium#Production_and_refinement,2
1180,/wiki/Copper#Production,2
1181,/wiki/Iron_ore#Production_and_consumption,2
1182,/wiki/Gold_mining,2
1183,/wiki/Silver_mining,2
1184,/wiki/Palladium,2
1185,/wiki/Platinum#Production,2
1186,/wiki/Lithium#Production,2
1187,/wiki/Rare-earth_element#Global_rare-earth_production,2
1188,/wiki/Uranium_mining,2
1189,/wiki/Mineral,2
1190,/wiki/Gemstone,2
1191,/wiki/Phosphorus#Production,2
1192,/wiki/Potash#Production,2
1193,/wiki/Salt#Production,2
1194,/wiki/Sulfur#Production,2
1195,/wiki/Quarry,2
1196,/wiki/Gravel_pit,2
1197,/wiki/Sand_mining,2
1198,/wiki/Chalk_mining,2
1199,/wiki/Clay_pit,2
1200,/wiki/Gypsum#Mining,2
1201,/wiki/Limestone#Uses,2
1202,/wiki/Dimension_stone#Production,2
1203,/wiki/Granite#Industry,2
1204,/wiki/Marble#Production,2
1205,/wiki/Secondary_sector_of_the_economy,2
1206,/wiki/Manufacturing,2
1207,/wiki/Light_industry,2
1208,/wiki/Food_industry,2
1209,/wiki/Feed_manufacturing,2
1210,/wiki/Baking#Commercial_baking,2
1211,/wiki/Canning,2
1212,/wiki/Dairy_product,2
1213,/wiki/Flour,2
1214,/wiki/Meat_industry,2
1215,/wiki/Convenience_food,2
1216,/wiki/Food_preservation,2
1217,/wiki/Candy_making,2
1218,/wiki/Vegetable_oil#Production,2
1219,/wiki/Drink_industry,2
1220,/wiki/Brewing_industry,2
1221,/wiki/Bottled_water,2
1222,/wiki/Liquor,2
1223,/wiki/Soft_drink,2
1224,/wiki/Winemaking,2
1225,/wiki/Textile_industry,2
1226,/wiki/Carding,2
1227,/wiki/Dyeing,2
1228,/wiki/Textile_printing,2
1229,/wiki/Spinning_(textiles),2
1230,/wiki/Weaving,2
1231,/wiki/Carpet,2
1232,/wiki/Lace,2
1233,/wiki/Linens,2
1234,/wiki/Rope,2
1235,/wiki/Clothing_industry,2
1236,/wiki/Fashion_accessory,2
1237,/wiki/Dressmaker,2
1238,/wiki/Fur_clothing,2
1239,/wiki/Hatmaking,2
1240,/wiki/Sewing,2
1241,/wiki/Shoemaking,2
1242,/wiki/Tailor,2
1243,/wiki/Printing,2
1244,/wiki/Bookbinding,2
1245,/wiki/Paper_embossing,2
1246,/wiki/Engraving,2
1247,/wiki/Security_printing,2
1248,/wiki/Typesetting,2
1249,/wiki/Cassette_tape,2
1250,/wiki/Production_of_phonograph_records,2
1251,/wiki/Compact_Disc_manufacturing,2
1252,/wiki/Metal_fabrication,2
1253,/wiki/Boilermaking,2
1254,/wiki/Builders_hardware,2
1255,/wiki/Household_hardware,2
1256,/wiki/Cutlery,2
1257,/wiki/Gunsmith,2
1258,/wiki/Locksmithing,2
1259,/wiki/Machine_shop,2
1260,/wiki/Metalsmith,2
1261,/wiki/Powder_metallurgy,2
1262,/wiki/Prefabrication,2
1263,/wiki/Surface_finishing,2
1264,/wiki/3D_printing,2
1265,/wiki/Blow_molding,2
1266,/wiki/Drawing_(manufacturing),2
1267,/wiki/Extrusion,2
1268,/wiki/Glassblowing,2
1269,/wiki/Injection_moulding,2
1270,/wiki/Pottery,2
1271,/wiki/Sintering,2
1272,/wiki/Stonemasonry,2
1273,/wiki/Woodworking,2
1274,/wiki/Furniture,2
1275,/wiki/Baggage,2
1276,/wiki/Bicycle_industry,2
1277,/wiki/Jewellery,2
1278,/wiki/Medical_device,2
1279,/wiki/Musical_instrument,2
1280,/wiki/Office_supplies,2
1281,/wiki/Sports_equipment,2
1282,/wiki/Personal_protective_equipment,2
1283,/wiki/Toy#Economics,2
1284,/wiki/Electronics_industry,2
1285,/wiki/Electronic_component,2
1286,/wiki/Printed_circuit_board#Manufacturing,2
1287,/wiki/Semiconductor_industry,2
1288,/wiki/Computer_industry,2
1289,/wiki/List_of_computer_system_manufacturers,2
1290,/wiki/List_of_computer_hardware_manufacturers,2
1291,/wiki/Computer_data_storage#Storage_media,2
1292,/wiki/Telecommunications_equipment,2
1293,/wiki/Mobile_phone#Sales,2
1294,/wiki/Network_equipment_provider,2
1295,/wiki/Consumer_electronics#Products,2
1296,/wiki/Television_set#Major_manufacturers,2
1297,/wiki/Video_game_console#Market,2
1298,/wiki/Instrumentation,2
1299,/wiki/Clockmaker,2
1300,/wiki/Watchmaker,2
1301,/wiki/Satellite_navigation_device#Consumer_applications,2
1302,/wiki/Scientific_instrument#List_of_scientific_instruments_manufacturers,2
1303,/wiki/Medical_imaging#Industry,2
1304,/wiki/Optical_instrument,2
1305,/wiki/Camera,2
1306,/wiki/Telescopic_sight,2
1307,/wiki/Spotting_scope,2
1308,/wiki/Laser_construction,2
1309,/wiki/Optical_manufacturing_and_testing,2
1310,/wiki/Microscope,2
1311,/wiki/Telescope,2
1312,/wiki/Electrical_device,2
1313,/wiki/Electric_battery,2
1314,/wiki/Electrical_cable,2
1315,/wiki/Optical_fiber,2
1316,/wiki/Electric_light,2
1317,/wiki/Electric_motor,2
1318,/wiki/Home_appliance,2
1319,/wiki/Transformer,2
1320,/wiki/Chemical_industry,2
1321,/wiki/Oil_refinery,2
1322,/wiki/Bitumen,2
1323,/wiki/Coke_(fuel),2
1324,/wiki/Diesel_fuel,2
1325,/wiki/Fuel_oil,2
1326,/wiki/Gasoline,2
1327,/wiki/Jet_fuel,2
1328,/wiki/Kerosene,2
1329,/wiki/Mineral_oil,2
1330,/wiki/Paraffin_wax,2
1331,/wiki/Petrochemical,2
1332,/wiki/Petroleum_jelly,2
1333,/wiki/Propane,2
1334,/wiki/Synthetic_oil,2
1335,/wiki/Tar,2
1336,/wiki/Commodity_chemicals,2
1337,/wiki/Fertilizer#Production,2
1338,/wiki/Industrial_gas,2
1339,/wiki/Pigment,2
1340,/wiki/Pure_element,2
1341,/wiki/Speciality_chemicals,2
1342,/wiki/Adhesive,2
1343,/wiki/Agrochemical,2
1344,/wiki/Aroma_compound,2
1345,/wiki/Cleaning_agent,2
1346,/wiki/Cosmetics,2
1347,/wiki/Explosive,2
1348,/wiki/Fireworks,2
1349,/wiki/Paint,2
1350,/wiki/Ink,2
1351,/wiki/Perfume,2
1352,/wiki/Soap,2
1353,/wiki/Toiletries,2
1354,/wiki/Fine_chemical,2
1355,/wiki/Pharmaceutical_industry,2
1356,/wiki/Production_of_antibiotics,2
1357,/wiki/Blood_product,2
1358,/wiki/Birth_control,2
1359,/wiki/Generic_drug,2
1360,/wiki/Illegal_drug_trade,2
1361,/wiki/Dietary_supplement,2
1362,/wiki/Vaccine,2
1363,/wiki/Leather,2
1364,/wiki/Liming_(leather_processing),2
1365,/wiki/Deliming,2
1366,/wiki/Tanning_(leather),2
1367,/wiki/Currier,2
1368,/wiki/Oiling_(leather_processing),2
1369,/wiki/Wood_industry,2
1370,/wiki/Wood_drying,2
1371,/wiki/Sawmill,2
1372,/wiki/Engineered_wood,2
1373,/wiki/Lumber,2
1374,/wiki/Wood-plastic_composite,2
1375,/wiki/Pulp_and_paper_industry,2
1376,/wiki/Sizing#Papermaking,2
1377,/wiki/Cardboard,2
1378,/wiki/Pulp_(paper),2
1379,/wiki/Tissue_paper,2
1380,/wiki/Synthetic_rubber,2
1381,/wiki/Tire_manufacturing,2
1382,/wiki/Vulcanization,2
1383,/wiki/Plastics_industry,2
1384,/wiki/Commodity_plastics,2
1385,/wiki/Engineering_plastic,2
1386,/wiki/High-performance_plastics,2
1387,/wiki/Pelletizing,2
1388,/wiki/Synthetic_fiber,2
1389,/wiki/Thermoplastic,2
1390,/wiki/Thermosetting_polymer,2
1391,/wiki/Glass_production,2
1392,/wiki/Borosilicate_glass,2
1393,/wiki/Fused_quartz,2
1394,/wiki/Soda%E2%80%93lime_glass,2
1395,/wiki/Float_glass,2
1396,/wiki/Glass_fiber,2
1397,/wiki/Glass_wool,2
1398,/wiki/Fiberglass,2
1399,/wiki/Safety_glass,2
1400,/wiki/Ceramic,2
1401,/wiki/Brickworks,2
1402,/wiki/Earthenware,2
1403,/wiki/Porcelain#Other_uses,2
1404,/wiki/Refractory,2
1405,/wiki/Tile,2
1406,/wiki/Cement_industry,2
1407,/wiki/Mortar_(masonry),2
1408,/wiki/Plaster,2
1409,/wiki/Ready-mix_concrete,2
1410,/wiki/Abrasive,2
1411,/wiki/Carbon_fibers,2
1412,/wiki/Allotropes_of_carbon,2
1413,/wiki/Mineral_wool,2
1414,/wiki/Synthetic_gem,2
1415,/wiki/Extractive_metallurgy,2
1416,/wiki/Ironworks,2
1417,/wiki/Aluminium_smelting,2
1418,/wiki/Copper_extraction,2
1419,/wiki/Alloy,2
1420,/wiki/Steel_mill,2
1421,/wiki/Forming_(metalworking),2
1422,/wiki/Rolling_(metalworking),2
1423,/wiki/Forging,2
1424,/wiki/Foundry,2
1425,/wiki/Heavy_industry,2
1426,/wiki/Machine_industry,2
1427,/wiki/Conveyor_system,2
1428,/wiki/Heavy_equipment,2
1429,/wiki/Hydraulic_machinery,2
1430,/wiki/Machine_tool_builder,2
1431,/wiki/Turbo_generator,2
1432,/wiki/Wind_turbine,2
1433,/wiki/Automotive_industry,2
1434,/wiki/Vehicle,2
1435,/wiki/Aerospace_industry,2
1436,/wiki/Space_industry,2
1437,/wiki/Rolling_stock,2
1438,/wiki/Shipbuilding,2
1439,/wiki/Oil_platform,2
1440,/wiki/Arms_industry,2
1441,/wiki/Public_utility,2
1442,/wiki/Electric_power_industry,2
1443,/wiki/Natural_gas#Domestic_use,2
1444,/wiki/Renewable_energy_commercialization,2
1445,/wiki/Water_industry,2
1446,/wiki/Sewage_treatment,2
1447,/wiki/Waste_management_industry,2
1448,/wiki/Waste_collection,2
1449,/wiki/Landfill,2
1450,/wiki/Hazardous_waste,2
1451,/wiki/Recycling,2
1452,/wiki/Environmental_remediation,2
1453,/wiki/Telecommunications_industry,2
1454,/wiki/Cable_television,2
1455,/wiki/Internet_service_provider,2
1456,/wiki/Mobile_phone_operator,2
1457,/wiki/Communications_satellite,2
1458,/wiki/Telephone_company,2
1459,/wiki/Construction,2
1460,/wiki/Building,2
1461,/wiki/Commercial_property,2
1462,/wiki/Industrial_architecture,2
1463,/wiki/Home_construction,2
1464,/wiki/Civil_engineering,2
1465,/wiki/Bridge_building,2
1466,/wiki/Railway_track,2
1467,/wiki/Roadbuilding,2
1468,/wiki/Tunnel#Construction,2
1469,/wiki/Canal#Construction,2
1470,/wiki/Dam,2
1471,/wiki/Dredging#Major_dredging_companies,2
1472,/wiki/Harbor,2
1473,/wiki/Cabinetry,2
1474,/wiki/Demolition,2
1475,/wiki/Electrical_wiring,2
1476,/wiki/Elevator_mechanic,2
1477,"/wiki/Heating,_ventilation,_and_air_conditioning#HVAC_industry_and_standards",2
1478,/wiki/House_painter_and_decorator,2
1479,/wiki/Plumbing,2
1480,/wiki/Earthworks_(engineering),2
1481,/wiki/Tertiary_sector_of_the_economy,2
1482,/wiki/Sales,2
1483,/wiki/Retail,2
1484,/wiki/Car_dealership,2
1485,/wiki/Fast-moving_consumer_goods,2
1486,/wiki/General_store,2
1487,/wiki/Grocery_store,2
1488,/wiki/Department_store,2
1489,/wiki/Mail_order,2
1490,/wiki/Online_shopping,2
1491,/wiki/Specialty_store,2
1492,/wiki/Wholesaling,2
1493,/wiki/Auction,2
1494,/wiki/Broker,2
1495,/wiki/Distribution_(marketing),2
1496,/wiki/Transport,2
1497,/wiki/Cargo,2
1498,/wiki/Air_cargo,2
1499,/wiki/Intermodal_freight_transport,2
1500,/wiki/Mail,2
1501,/wiki/Moving_company,2
1502,/wiki/Rail_freight_transport,2
1503,/wiki/Trucking,2
1504,/wiki/Passenger_transport,2
1505,/wiki/Airline,2
1506,/wiki/Car_rental,2
1507,/wiki/Passenger_rail,2
1508,/wiki/Ridesharing_company,2
1509,/wiki/Taxi,2
1510,/wiki/Warehouse,2
1511,/wiki/Self_storage,2
1512,/wiki/Hospitality_industry,2
1513,/wiki/Foodservice,2
1514,/wiki/Drinking_establishment,2
1515,/wiki/Coffeehouse,2
1516,/wiki/Catering,2
1517,/wiki/Fast_food,2
1518,/wiki/Food_delivery,2
1519,/wiki/Restaurant,2
1520,/wiki/Teahouse,2
1521,/wiki/Hotel,2
1522,/wiki/Asset_management,2
1523,/wiki/Financial_services,2
1524,/wiki/Bank,2
1525,/wiki/Credit,2
1526,/wiki/Financial_adviser,2
1527,/wiki/Holding_company,2
1528,/wiki/Electronic_funds_transfer,2
1529,/wiki/Payment_card_industry,2
1530,/wiki/Risk_management,2
1531,/wiki/Security_(finance),2
1532,/wiki/Insurance,2
1533,/wiki/Health_insurance,2
1534,/wiki/Life_insurance,2
1535,/wiki/Pension_fund,2
1536,/wiki/Property_insurance,2
1537,/wiki/Reinsurance,2
1538,/wiki/Real_estate_economics,2
1539,/wiki/Real_estate_agent,2
1540,/wiki/Property_management,2
1541,/wiki/Professional_services,2
1542,/wiki/Accounting_network,2
1543,/wiki/Assurance_services,2
1544,/wiki/Audit,2
1545,/wiki/Bookkeeping,2
1546,/wiki/Tax_advisor,2
1547,/wiki/Architectural_firm,2
1548,/wiki/Engineering,2
1549,/wiki/Inspection,2
1550,/wiki/Surveying,2
1551,/wiki/Physical_test,2
1552,/wiki/Product_testing,2
1553,/wiki/System_testing,2
1554,/wiki/Design,2
1555,/wiki/Fashion_design,2
1556,/wiki/Interior_design,2
1557,/wiki/Industrial_design,2
1558,/wiki/Practice_of_law,2
1559,/wiki/Management,2
1560,/wiki/Consulting_firm,2
1561,/wiki/Public_relations,2
1562,/wiki/Marketing,2
1563,/wiki/Advertising_industry,2
1564,/wiki/Healthcare_industry,2
1565,/wiki/Dentist_office,2
1566,/wiki/Hospital,2
1567,/wiki/Nursing,2
1568,/wiki/Residential_care,2
1569,/wiki/Veterinary_medicine,2
1570,/wiki/Entertainment#Industry,2
1571,/wiki/Leisure_industry,2
1572,/wiki/Casino,2
1573,/wiki/Online_gambling,2
1574,/wiki/Sport_industry,2
1575,/wiki/Amusement_arcade,2
1576,/wiki/Amusement_park,2
1577,/wiki/Fair,2
1578,/wiki/Nightclub,2
1579,/wiki/Customer_service,2
1580,/wiki/Lease,2
1581,/wiki/Renting,2
1582,/wiki/Employment_agency,2
1583,/wiki/Private_investigator,2
1584,/wiki/Security_company,2
1585,/wiki/Janitor,2
1586,/wiki/Landscape_maintenance,2
1587,/wiki/Maintenance_(technical),2
1588,/wiki/Beauty_salon,2
1589,/wiki/Dry_cleaning,2
1590,/wiki/Funeral_industry,2
1591,/wiki/Maid_service,2
1592,/wiki/Pet_industry,2
1593,/wiki/Sex_industry,2
1594,/wiki/Poverty_industry,2
1595,/wiki/Business_travel,2
1596,/wiki/Cruise_line,2
1597,/wiki/Tourism,2
1598,/wiki/Quaternary_sector_of_the_economy,2
1599,/wiki/Publishing,2
1600,/wiki/Mass_media,2
1601,/wiki/Book,2
1602,/wiki/Periodical_literature,2
1603,/wiki/Software_industry,2
1604,/wiki/Film_industry,2
1605,/wiki/Music_industry,2
1606,/wiki/Video_game_industry,2
1607,/wiki/Broadcasting,2
1608,/wiki/News_agency,2
1609,/wiki/Radio_industry,2
1610,/wiki/Television#Content,2
1611,/wiki/Internet,2
1612,/wiki/Web_hosting_service,2
1613,/wiki/Social_networking_service,2
1614,/wiki/Streaming_media,2
1615,/wiki/Website,2
1616,/wiki/Education,2
1617,/wiki/Primary_education,2
1618,/wiki/Secondary_education,2
1619,/wiki/Tertiary_education,2
1620,/wiki/Vocational_school,2
1621,/wiki/University,2
1622,/wiki/Standardized_test,2
1623,/wiki/Tutoring,2
1624,/wiki/Creative_industries,2
1625,/wiki/Language_industry,2
1626,/wiki/Research_and_development,2
1627,/wiki/Basic_research,2
1628,/wiki/Industry_classification,2
1629,/wiki/Australian_and_New_Zealand_Standard_Industrial_Classification,2
1630,/wiki/International_Standard_Industrial_Classification,2
1631,/wiki/Statistical_Classification_of_Economic_Activities_in_the_European_Community,2
1632,/wiki/North_American_Industry_Classification_System,2
1633,/wiki/Standard_Industrial_Classification,2
1634,/wiki/United_Kingdom_Standard_Industrial_Classification_of_Economic_Activities,2
1635,/wiki/Global_Industry_Classification_Standard,2
1636,/wiki/Industry_Classification_Benchmark,2
1637,/wiki/The_Refinitiv_Business_Classification,2
1638,/wiki/Factors_of_production,2
1639,/wiki/Output_(economics),2
1640,/wiki/Externality,2
1641,/wiki/Community,2
1642,/wiki/Crime,2
1643,/wiki/Culture,2
1644,/wiki/Pollution,2
1645,/wiki/Well-being,2
1646,/wiki/Funding,2
1647,/wiki/Goods,2
1648,/wiki/Commodity,2
1649,/wiki/Final_good,2
1650,/wiki/Intermediate_good,2
1651,/wiki/Raw_material,2
1652,/wiki/Innovation,2
1653,/wiki/Work_(human_activity),2
1654,/wiki/Natural_resource,2
1655,/wiki/Physical_capital,2
1656,/wiki/Service_(economics),2
1657,/wiki/Technology,2
1658,/wiki/Organization,2
1659,/wiki/Centralization,2
1660,/wiki/Cartel,2
1661,/wiki/Conglomerate_(company),2
1662,/wiki/Horizontal_integration,2
1663,/wiki/Mergers_and_acquisitions,2
1664,/wiki/Monopoly,2
1665,/wiki/Monopsony,2
1666,/wiki/Vertical_integration,2
1667,/wiki/Decentralization,2
1668,/wiki/Competition_law,2
1669,/wiki/Freelancer,2
1670,/wiki/Homesteading,2
1671,/wiki/Outsourcing,2
1672,/wiki/Putting-out_system,2
1673,/wiki/Corporate_spin-off,2
1674,/wiki/Temporary_work,2
1675,/wiki/Ownership,2
1676,/wiki/Cooperative,2
1677,/wiki/Joint-stock_company,2
1678,/wiki/Nationalization,2
1679,/wiki/Nonprofit_organization,2
1680,/wiki/Partnership,2
1681,/wiki/Privatization,2
1682,/wiki/Sole_proprietorship,2
1683,/wiki/State-owned_enterprise,2
1684,/wiki/Category:Industry_(economics),2
1685,https://commons.wikimedia.org/wiki/Category:Industries,2
1686,/wiki/Outline_of_industry,2
1687,/wiki/Help:Authority_control,2
1688,https://www.wikidata.org/wiki/Q1408286#identifiers,2
1689,https://d-nb.info/gnd/4123984-2,2
1690,https://en.wikipedia.org/w/index.php?title=Industrial_processes&oldid=1145294380,2
1691,/wiki/Help:Category,2
1692,/wiki/Category:Industrial_processes,2
1693,/wiki/Category:Secondary_sector_of_the_economy,2
1694,/wiki/Category:Technology-related_lists,2
1695,/wiki/Category:Industry-related_lists,2
1696,/wiki/Category:Management_cybernetics,2
1697,/wiki/Category:Articles_with_short_description,2
1698,/wiki/Category:Short_description_matches_Wikidata,2
1699,/wiki/Category:Use_dmy_dates_from_December_2017,2
1700,/wiki/Category:Articles_with_GND_identifiers,2
1701,//en.wikipedia.org/wiki/Wikipedia:Text_of_the_Creative_Commons_Attribution-ShareAlike_3.0_Unported_License,2
1702,//creativecommons.org/licenses/by-sa/3.0/,2
1703,//foundation.wikimedia.org/wiki/Terms_of_Use,2
1704,//foundation.wikimedia.org/wiki/Privacy_policy,2
1705,//www.wikimediafoundation.org/,2
1706,https://foundation.wikimedia.org/wiki/Privacy_policy,2
1707,/wiki/Wikipedia:About,2
1708,/wiki/Wikipedia:General_disclaimer,2
1709,//en.wikipedia.org/wiki/Wikipedia:Contact_us,2
1710,//en.m.wikipedia.org/w/index.php?title=Industrial_processes&mobileaction=toggle_view_mobile,2
1711,https://developer.wikimedia.org,2
1712,https://stats.wikimedia.org/#/en.wikipedia.org,2
1713,https://foundation.wikimedia.org/wiki/Cookie_statement,2
1714,https://wikimediafoundation.org/,2
1715,https://www.mediawiki.org/,2
