hyperlink,source_page_id,title
/wiki/Carbon_Arc_Welding,0,Carbon arc welding
/wiki/Flux_Cored_Arc_Welding,0,Flux cored arc welding
/wiki/Gas_Metal_Arc_Welding,0,Gas metal arc welding
/wiki/Shielding_gas,0,Shielding gas
/wiki/Gas_Tungsten_Arc_Welding,0,Gas tungsten arc welding
/wiki/Plasma_Arc_Welding,0,Plasma arc welding
/wiki/Shielded_Metal_Arc_Welding,0,Shielded metal arc welding
/wiki/Submerged_Arc_Welding,0,Submerged arc welding
/wiki/Atomic_Hydrogen_Welding,0,Atomic hydrogen welding
/wiki/Oxyacetylene_welding,0,Oxyacetylene welding
/wiki/Propane,0,Propane
/wiki/Oxyhydrogen_welding,0,Oxyhydrogen welding
/wiki/Pressure_gas_welding,0,Pressure gas welding
/wiki/Spot_welding,0,Spot welding
/wiki/Resistance_seam_welding,0,Resistance seam welding
/wiki/Drum_(container),0,Drum (container)
/wiki/Projection_welding,0,Projection welding
/wiki/Flash_welding,0,Flash welding
/wiki/Upset_welding,0,Upset welding
/wiki/Cold_welding,0,Cold welding
/wiki/Diffusion_welding,0,Diffusion welding
/wiki/Explosion_welding,0,Explosion welding
/wiki/Magnetic_pulse_welding,0,Magnetic pulse welding
/wiki/Forge_welding,0,Forge welding
/wiki/Damascus_steel,0,Damascus steel
/wiki/Friction_welding,0,Friction welding
/wiki/Friction_stir_welding,0,Friction stir welding
/wiki/Friction_stir_spot_welding,0,Friction stir spot welding
/wiki/Hot_isostatic_pressing,0,Hot isostatic pressing
/wiki/Autoclave,0,Autoclave
/wiki/Ultrasonic_welding,0,Ultrasonic welding
/wiki/Electron_beam_welding,0,Electron beam welding
/wiki/Electroslag_welding,0,Electroslag welding
/wiki/Induction_welding,0,Induction welding
/wiki/Laser_beam_welding,0,Laser beam welding
/wiki/Laser-hybrid_welding,0,Laser-hybrid welding
/wiki/Gas_metal_arc_welding,0,Gas metal arc welding
/wiki/Percussion_welding,0,Percussion welding
/wiki/Thermite_welding,0,Thermite welding
/wiki/Electrogas_welding,0,Electrogas welding
/wiki/Stud_arc_welding,0,Stud arc welding
/wiki/American_Welding_Society,0,American welding society
/wiki/ISBN_(identifier),0,Isbn (identifier)
/wiki/New_Jersey,0,New jersey
/wiki/Cleveland,0,Cleveland
/wiki/Welding,0,Welding
/wiki/Symbols_and_conventions_used_in_welding_documentation,0,Symbols and conventions used in welding documentation
/wiki/Cladding_(metalworking),0,Cladding (metalworking)
/wiki/Template:Metalworking_navbox,0,Template:metalworking navbox
/wiki/Template_talk:Metalworking_navbox,0,Template talk:metalworking navbox
/wiki/Metalworking,0,Metalworking
/wiki/Template:Metalworking_navbox/weld,0,Template:metalworking navbox/weld
/wiki/Template_talk:Metalworking_navbox/weld,0,Template talk:metalworking navbox/weld
/wiki/Arc_welding,0,Arc welding
/wiki/Atomic_hydrogen_welding,0,Atomic hydrogen welding
/wiki/Flux-cored_arc_welding,0,Flux-cored arc welding
/wiki/Gas_tungsten_arc_welding,0,Gas tungsten arc welding
/wiki/Plasma_arc_welding,0,Plasma arc welding
/wiki/Shielded_metal_arc_welding,0,Shielded metal arc welding
/wiki/Submerged_arc_welding,0,Submerged arc welding
/wiki/Electric_resistance_welding,0,Electric resistance welding
/wiki/Electron-beam_welding,0,Electron-beam welding
/wiki/Exothermic_welding,0,Exothermic welding
/wiki/Friction_stud_welding,0,Friction stud welding
/wiki/Oxy-fuel_welding_and_cutting,0,Oxy-fuel welding and cutting
/wiki/Electrode,0,Electrode
/wiki/Filler_metal,0,Filler metal
/wiki/Welding_helmet,0,Welding helmet
/wiki/Welding_power_supply,0,Welding power supply
/wiki/Robot_welding,0,Robot welding
/wiki/Heat-affected_zone,0,Heat-affected zone
/wiki/Photokeratitis,0,Photokeratitis
/wiki/Residual_stress,0,Residual stress
/wiki/Weldability,0,Weldability
/wiki/Casting,0,Casting
/wiki/Metal_fabrication,0,Metal fabrication
/wiki/Forming_processes,0,Forming processes
/wiki/Jewellery,0,Jewellery
/wiki/Machining,0,Machining
/wiki/Metallurgy,0,Metallurgy
/wiki/Metalsmith,0,Metalsmith
/wiki/Outline_of_metalworking,0,Outline of metalworking
/wiki/Manufacturing,1,Manufacturing
/wiki/Thermal_oxidiser,1,Thermal oxidiser
/wiki/Molding_(process),1,Molding (process)
/wiki/Thermoforming,1,Thermoforming
/wiki/Machining,1,Machining
/wiki/Casting,1,Casting
/wiki/Centrifugal_casting_(industrial),1,Centrifugal casting (industrial)
/wiki/Continuous_casting,1,Continuous casting
/wiki/Die_casting,1,Die casting
/wiki/Evaporative-pattern_casting,1,Evaporative-pattern casting
/wiki/Full-mold_casting,1,Full-mold casting
/wiki/Lost-foam_casting,1,Lost-foam casting
/wiki/Investment_casting,1,Investment casting
/wiki/Lost-wax_casting,1,Lost-wax casting
/wiki/Investment_casting#Counter-gravity_casting,1,Investment casting#counter-gravity casting
/wiki/Permanent_mold_casting,1,Permanent mold casting
/wiki/Resin_casting,1,Resin casting
/wiki/Sand_casting,1,Sand casting
/wiki/Shell_molding,1,Shell molding
/wiki/Slush_casting,1,Slush casting
/wiki/Vacuum_molding_(casting),1,Vacuum molding (casting)
/wiki/Image,1,Image
/wiki/Coating,1,Coating
/wiki/Laser_engraving,1,Laser engraving
/wiki/Inkjet_printing,1,Inkjet printing
/wiki/Chemical_vapor_deposition,1,Chemical vapor deposition
/wiki/Sputter_deposition,1,Sputter deposition
/wiki/Plating,1,Plating
/wiki/Thermal_spraying,1,Thermal spraying
/wiki/Moulding_(process)#Types,1,Moulding (process)#types
/wiki/Powder_metallurgy,1,Powder metallurgy
/wiki/Cold_compaction,1,Cold compaction
/wiki/Sintering,1,Sintering
/wiki/Hot_isostatic_pressing,1,Hot isostatic pressing
/wiki/Metal_injection_moulding,1,Metal injection moulding
/wiki/Spray_forming,1,Spray forming
/wiki/Plastic,1,Plastic
/wiki/Rapid_prototyping,1,Rapid prototyping
/wiki/Injection_moulding,1,Injection moulding
/wiki/Compression_molding,1,Compression molding
/wiki/Transfer_moulding,1,Transfer moulding
/wiki/Plastics_extrusion,1,Plastics extrusion
/wiki/Blow_molding,1,Blow molding
/wiki/Dip_moulding,1,Dip moulding
/wiki/Rotational_molding,1,Rotational molding
/wiki/Laminating,1,Laminating
/wiki/Foam,1,Foam
/wiki/Shrink_wrap,1,Shrink wrap
/wiki/Forming_(metalworking),1,Forming (metalworking)
/wiki/Tube_beading,1,Tube beading
/wiki/Forging,1,Forging
/wiki/Smith_(metalwork),1,Smith (metalwork)
/wiki/Hammer_forge,1,Hammer forge
/wiki/Drop_forge,1,Drop forge
/wiki/Machine_press,1,Machine press
/wiki/Impact_(mechanics),1,Impact (mechanics)
/wiki/Extrusion,1,Extrusion
/wiki/Forging#Upset_forging,1,Forging#upset forging
/wiki/Incremental_sheet_forming,1,Incremental sheet forming
/wiki/Powder_(substance),1,Powder (substance)
/wiki/Rolling_(metalworking),1,Rolling (metalworking)
/wiki/Cold_rolling,1,Cold rolling
/wiki/Hot_rolling,1,Hot rolling
/wiki/Sheet_metal,1,Sheet metal
/wiki/Shape,1,Shape
/wiki/Cryorolling,1,Cryorolling
/wiki/Screw_thread,1,Screw thread
/wiki/Thread_rolling,1,Thread rolling
/wiki/Impact_extrusion,1,Impact extrusion
/wiki/Embossing_(manufacturing),1,Embossing (manufacturing)
/wiki/Die_(manufacturing),1,Die (manufacturing)
/wiki/Drawing_(manufacturing),1,Drawing (manufacturing)
/wiki/Wire,1,Wire
/wiki/Necking_(engineering),1,Necking (engineering)
/wiki/Deep_drawing,1,Deep drawing
/wiki/Bending,1,Bending
/wiki/Hemming_and_seaming,1,Hemming and seaming
/wiki/Shearing_(metalworking),1,Shearing (metalworking)
/wiki/Blanking_and_piercing,1,Blanking and piercing
/wiki/Cutting,1,Cutting
/wiki/Blanking_and_piercing#Shaving,1,Blanking and piercing#shaving
/wiki/Notching,1,Notching
/wiki/Perforating,1,Perforating
/wiki/Nibbling,1,Nibbling
/wiki/Die_cutting_(web)#Dinking,1,Die cutting (web)#dinking
/wiki/Lancing_(shearing),1,Lancing (shearing)
/wiki/Cutoff_(metalworking),1,Cutoff (metalworking)
/wiki/Stamping_(metalworking),1,Stamping (metalworking)
/wiki/Leather_stamping,1,Leather stamping
/wiki/Progressive_stamping,1,Progressive stamping
/wiki/Coining_(metalworking),1,Coining (metalworking)
/wiki/Straight_shearing,1,Straight shearing
/wiki/Slitting,1,Slitting
/wiki/Ironing_(metalworking),1,Ironing (metalworking)
/wiki/Flattening,1,Flattening
/wiki/Swaging,1,Swaging
/wiki/Metal_spinning,1,Metal spinning
/wiki/Peening,1,Peening
/wiki/Guerin_process,1,Guerin process
/wiki/Explosive_forming,1,Explosive forming
/wiki/Electroforming,1,Electroforming
/wiki/Staking_(manufacturing),1,Staking (manufacturing)
/wiki/Flanging,1,Flanging
/wiki/Straightening,1,Straightening
/wiki/Decambering,1,Decambering
/wiki/Cold_sizing,1,Cold sizing
/wiki/Hubbing,1,Hubbing
/wiki/Hot_metal_gas_forming,1,Hot metal gas forming
/wiki/Curling_(metalworking),1,Curling (metalworking)
/wiki/Hydroforming,1,Hydroforming
/wiki/Milling_machine,1,Milling machine
/wiki/Grist_mill,1,Grist mill
/wiki/Hammer_mill,1,Hammer mill
/wiki/Ball_mill,1,Ball mill
/wiki/Buhrstone_mill,1,Buhrstone mill
/wiki/Disc_mill,1,Disc mill
/wiki/Saw_mill,1,Saw mill
/wiki/Steel_mill,1,Steel mill
/wiki/Blast_furnace,1,Blast furnace
/wiki/Smelting,1,Smelting
/wiki/Refining,1,Refining
/wiki/Reduction_mill,1,Reduction mill
/wiki/Annealing_(metallurgy),1,Annealing (metallurgy)
/wiki/Pickling_(metal),1,Pickling (metal)
/wiki/Passivation_(chemistry),1,Passivation (chemistry)
/wiki/Turning,1,Turning
/wiki/Lathe,1,Lathe
/wiki/Facing_(machining),1,Facing (machining)
/wiki/Boring_(manufacturing),1,Boring (manufacturing)
/wiki/Single_pass_bore_finishing,1,Single pass bore finishing
/wiki/Knurling,1,Knurling
/wiki/Hard_turning,1,Hard turning
/wiki/Drilling,1,Drilling
/wiki/Friction_drilling,1,Friction drilling
/wiki/Reaming,1,Reaming
/wiki/Countersinking,1,Countersinking
/wiki/Taps_and_dies,1,Taps and dies
/wiki/Sawing,1,Sawing
/wiki/File_(tool),1,File (tool)
/wiki/Broach_(metalworking),1,Broach (metalworking)
/wiki/Shaping_(metalworking),1,Shaping (metalworking)
/wiki/Horizontal_plane,1,Horizontal plane
/wiki/Vertical_direction,1,Vertical direction
/wiki/Planing_(shaping),1,Planing (shaping)
/wiki/Abrasive_jet_machining,1,Abrasive jet machining
/wiki/Water_jet_cutting,1,Water jet cutting
/wiki/Photochemical_machining,1,Photochemical machining
/wiki/Honing_(metalworking),1,Honing (metalworking)
/wiki/Sharpening,1,Sharpening
/wiki/Electro-chemical_grinding,1,Electro-chemical grinding
/wiki/Finishing_(manufacturing),1,Finishing (manufacturing)
/wiki/Industrial_finishing,1,Industrial finishing
/wiki/Abrasive_blasting,1,Abrasive blasting
/wiki/Buffing,1,Buffing
/wiki/Burnishing_(metal),1,Burnishing (metal)
/wiki/Electroplating,1,Electroplating
/wiki/Electropolishing,1,Electropolishing
/wiki/Magnetic_field-assisted_finishing,1,Magnetic field-assisted finishing
/wiki/Etching,1,Etching
/wiki/Linishing,1,Linishing
/wiki/Mass_finishing,1,Mass finishing
/wiki/Tumble_finishing,1,Tumble finishing
/wiki/Spindle_finishing,1,Spindle finishing
/wiki/Vibratory_finishing,1,Vibratory finishing
/wiki/Polishing,1,Polishing
/wiki/Superfinishing,1,Superfinishing
/wiki/Wire_brushing,1,Wire brushing
/wiki/Wood_router,1,Wood router
/wiki/Hobbing,1,Hobbing
/wiki/Ultrasonic_machining,1,Ultrasonic machining
/wiki/Electrical_discharge,1,Electrical discharge
/wiki/Electrical_discharge_machining,1,Electrical discharge machining
/wiki/Electron_beam_machining,1,Electron beam machining
/wiki/Electrochemical_machining,1,Electrochemical machining
/wiki/Chemical,1,Chemical
/wiki/Photochemistry,1,Photochemistry
/wiki/Laser_cutting,1,Laser cutting
/wiki/Laser_drilling,1,Laser drilling
/wiki/Grinding_(abrasive_cutting),1,Grinding (abrasive cutting)
/wiki/High_stock_removal,1,High stock removal
/wiki/Gashing,1,Gashing
/wiki/Biomachining,1,Biomachining
/wiki/Welding,1,Welding
/wiki/Arc_welding,1,Arc welding
/wiki/Manual_metal_arc_welding,1,Manual metal arc welding
/wiki/Shielded_metal,1,Shielded metal
/wiki/Gas_metal,1,Gas metal
/wiki/Short_circuit,1,Short circuit
/wiki/Gas_tungsten,1,Gas tungsten
/wiki/Flux-cored,1,Flux-cored
/wiki/Submerged_arc_welding,1,Submerged arc welding
/wiki/Plasma_arc,1,Plasma arc
/wiki/Carbon_arc,1,Carbon arc
/wiki/Stud_welding,1,Stud welding
/wiki/Atomic_hydrogen,1,Atomic hydrogen
/wiki/Metal_inert_gas,1,Metal inert gas
/wiki/Regulated_Metal_Deposition,1,Regulated metal deposition
/wiki/Oxy-fuel_welding_and_cutting,1,Oxy-fuel welding and cutting
/wiki/Oxygen,1,Oxygen
/wiki/Acetylene,1,Acetylene
/wiki/Methylacetylene_propadiene,1,Methylacetylene propadiene
/wiki/Oxyhydrogen,1,Oxyhydrogen
/wiki/Carbon_dioxide,1,Carbon dioxide
/wiki/Resistance_welding,1,Resistance welding
/wiki/Butt_welding,1,Butt welding
/wiki/Flash_butt_welding,1,Flash butt welding
/wiki/Shot_welding,1,Shot welding
/wiki/Spot_welding,1,Spot welding
/wiki/Projection_welding,1,Projection welding
/wiki/Seaming_(metalworking),1,Seaming (metalworking)
/wiki/Upset_welding,1,Upset welding
/wiki/Ultrasonic_welding,1,Ultrasonic welding
/wiki/Explosion_Welding,1,Explosion welding
/wiki/Diffusion,1,Diffusion
/wiki/Vacuum_furnace,1,Vacuum furnace
/wiki/Friction_welding,1,Friction welding
/wiki/Inertia,1,Inertia
/wiki/Forge,1,Forge
/wiki/Cold_welding,1,Cold welding
/wiki/Electron_beam_welding,1,Electron beam welding
/wiki/Laser_welding,1,Laser welding
/wiki/Thermite,1,Thermite
/wiki/Induction_welding,1,Induction welding
/wiki/Low_frequency,1,Low frequency
/wiki/High_frequency,1,High frequency
/wiki/Solvent_welding,1,Solvent welding
/wiki/Dielectric,1,Dielectric
/wiki/Magnetic_pulse_welding,1,Magnetic pulse welding
/wiki/Radio_frequency_welding,1,Radio frequency welding
/wiki/Electromagnetism,1,Electromagnetism
/wiki/Infrared,1,Infrared
/wiki/Vacuum,1,Vacuum
/wiki/Brazing,1,Brazing
/wiki/Torch,1,Torch
/wiki/Induction_brazing,1,Induction brazing
/wiki/Furnace_brazing,1,Furnace brazing
/wiki/Brazing#Dip_brazing,1,Brazing#dip brazing
/wiki/Soldering,1,Soldering
/wiki/Iron,1,Iron
/wiki/Hot_plate,1,Hot plate
/wiki/Oven,1,Oven
/wiki/Induction_heating,1,Induction heating
/wiki/Dip_soldering,1,Dip soldering
/wiki/Wave,1,Wave
/wiki/Adhesive_bonding,1,Adhesive bonding
/wiki/Thermosetting_plastic,1,Thermosetting plastic
/wiki/Thermoplastic,1,Thermoplastic
/wiki/Epoxy,1,Epoxy
/wiki/Phenolic_resin,1,Phenolic resin
/wiki/Polyurethane,1,Polyurethane
/wiki/Fastener,1,Fastener
/wiki/Nail_(engineering),1,Nail (engineering)
/wiki/Screw,1,Screw
/wiki/Nut_(hardware),1,Nut (hardware)
/wiki/Rivet,1,Rivet
/wiki/Clinching_(metalworking),1,Clinching (metalworking)
/wiki/Pin,1,Pin
/wiki/Cotter_(pin),1,Cotter (pin)
/wiki/Groove_(machining),1,Groove (machining)
/wiki/Taper_pin,1,Taper pin
/wiki/Spring_pin,1,Spring pin
/wiki/Retaining_rings,1,Retaining rings
/wiki/Quick_release_skewer,1,Quick release skewer
/wiki/Stitch_(textile_arts),1,Stitch (textile arts)
/wiki/Stapling,1,Stapling
/wiki/Press_fitting,1,Press fitting
/wiki/3D_printing,1,3d printing
/wiki/Direct_metal_laser_sintering,1,Direct metal laser sintering
/wiki/Filament_winding,1,Filament winding
/wiki/Composite_material,1,Composite material
/wiki/Fused_deposition_modeling,1,Fused deposition modeling
/wiki/Laminated_object_manufacturing,1,Laminated object manufacturing
/wiki/Laser_engineered_net_shaping,1,Laser engineered net shaping
/wiki/Selective_laser_sintering,1,Selective laser sintering
/wiki/Spark_plasma_sintering,1,Spark plasma sintering
/wiki/Stereolithography,1,Stereolithography
/wiki/Mining,1,Mining
/wiki/Quarrying,1,Quarrying
/wiki/Rock_blasting,1,Rock blasting
/wiki/Crusher,1,Crusher
/wiki/Chemical_manufacturing,1,Chemical manufacturing
/wiki/Petroleum_refining_processes,1,Petroleum refining processes
/wiki/Semiconductor_fabrication,1,Semiconductor fabrication
/wiki/Assembly_line,1,Assembly line
/wiki/Packaging_and_labeling,1,Packaging and labeling
/wiki/Logistics,1,Logistics
/wiki/Woodworking,1,Woodworking
/wiki/Joinery_(woodworking),1,Joinery (woodworking)
/wiki/Lapping,1,Lapping
/wiki/Mortise_and_tenon,1,Mortise and tenon
/wiki/Router_(woodworking),1,Router (woodworking)
/wiki/Biscuit_joiner,1,Biscuit joiner
/wiki/Vulcanization,1,Vulcanization
/wiki/Heat_treating,1,Heat treating
/wiki/Bake-out,1,Bake-out
/wiki/Worker%E2%80%93machine_activity_chart,1,Worker%e2%80%93machine activity chart
/wiki/John_Wiley_%26_Sons,1,John wiley %26 sons
/wiki/ISBN_(identifier),1,Isbn (identifier)
/wiki/OCLC_(identifier),1,Oclc (identifier)
/wiki/Template:Cite_book,1,Template:cite book
/wiki/Industrial_processes,2,Industrial processes
/wiki/Chemistry,2,Chemistry
/wiki/Physics,2,Physics
/wiki/Electronics,2,Electronics
/wiki/Mechanization,2,Mechanization
/wiki/Cement,2,Cement
/wiki/Steel,2,Steel
/wiki/Aluminum,2,Aluminum
/wiki/Fertilizer,2,Fertilizer
/wiki/Climate_change,2,Climate change
/wiki/Carbon_dioxide,2,Carbon dioxide
/wiki/Greenhouse_gas,2,Greenhouse gas
/wiki/Fossil_fuels,2,Fossil fuels
/wiki/Activation_energy,2,Activation energy
/wiki/Calcination,2,Calcination
/wiki/Limestone,2,Limestone
/wiki/Calcium_carbonate,2,Calcium carbonate
/wiki/Calcium_oxide,2,Calcium oxide
/wiki/By-product,2,By-product
/wiki/Concrete,2,Concrete
/wiki/Flux_(metallurgy),2,Flux (metallurgy)
/wiki/Blast_furnace,2,Blast furnace
/wiki/Smelting,2,Smelting
/wiki/Carbon_monoxide,2,Carbon monoxide
/wiki/Coke_(fuel),2,Coke (fuel)
/wiki/Coal,2,Coal
/wiki/Ore,2,Ore
/wiki/Blast_furnace#Process_engineering_and_chemistry,2,Blast furnace#process engineering and chemistry
/wiki/Iron_ore,2,Iron ore
/wiki/Hall%E2%80%93H%C3%A9roult_process,2,Hall%e2%80%93h%c3%a9roult process
/wiki/Electrolysis,2,Electrolysis
/wiki/Haber_process,2,Haber process
/wiki/Fossil_fuel,2,Fossil fuel
/wiki/Natural_gas,2,Natural gas
/wiki/Water-gas_shift_reaction,2,Water-gas shift reaction
/wiki/Hydrogen,2,Hydrogen
/wiki/Ammonia_production,2,Ammonia production
/wiki/Chemical_process,2,Chemical process
/wiki/Pyroprocessing,2,Pyroprocessing
/wiki/Cement_kiln,2,Cement kiln
/wiki/Disinfection,2,Disinfection
/wiki/Gilding,2,Gilding
/wiki/Electroplating,2,Electroplating
/wiki/Anodization,2,Anodization
/wiki/Electrowinning,2,Electrowinning
/wiki/Electropolishing,2,Electropolishing
/wiki/Electrofocusing,2,Electrofocusing
/wiki/Electrolytic_process,2,Electrolytic process
/wiki/Electrophoretic_deposition,2,Electrophoretic deposition
/wiki/Electrotyping,2,Electrotyping
/wiki/Metallizing,2,Metallizing
/wiki/Plating,2,Plating
/wiki/Spin_coating,2,Spin coating
/wiki/Shearing_(manufacturing),2,Shearing (manufacturing)
/wiki/Sawing,2,Sawing
/wiki/Plasma_cutting,2,Plasma cutting
/wiki/Water-jet_cutting,2,Water-jet cutting
/wiki/Oxyacetylene,2,Oxyacetylene
/wiki/Electrical_discharge_machining,2,Electrical discharge machining
/wiki/Machining,2,Machining
/wiki/Laser_cutting,2,Laser cutting
/wiki/Fabrication_(metal),2,Fabrication (metal)
/wiki/Metalworking,2,Metalworking
/wiki/Forging,2,Forging
/wiki/Casting,2,Casting
/wiki/Steelmaking,2,Steelmaking
/wiki/Progressive_stamping,2,Progressive stamping
/wiki/Stamping_(metalworking),2,Stamping (metalworking)
/wiki/Hydroforming,2,Hydroforming
/wiki/Sandblasting,2,Sandblasting
/wiki/Soldering,2,Soldering
/wiki/Brazing,2,Brazing
/wiki/Welding,2,Welding
/wiki/Tumble_polishing,2,Tumble polishing
/wiki/Precipitation_hardening,2,Precipitation hardening
/wiki/Work_hardening,2,Work hardening
/wiki/Case_hardening,2,Case hardening
/wiki/Differential_hardening,2,Differential hardening
/wiki/Shot_peening,2,Shot peening
/wiki/Die_(manufacturing),2,Die (manufacturing)
/wiki/Electric_arc_furnace,2,Electric arc furnace
/wiki/Catalan_forge,2,Catalan forge
/wiki/Open_hearth_furnace,2,Open hearth furnace
/wiki/Bloomery,2,Bloomery
/wiki/Siemens_regenerative_furnace,2,Siemens regenerative furnace
/wiki/Direct_reduced_iron,2,Direct reduced iron
/wiki/Crucible_steel,2,Crucible steel
/wiki/Cementation_process,2,Cementation process
/wiki/Bessemer_process,2,Bessemer process
/wiki/Basic_oxygen_steelmaking,2,Basic oxygen steelmaking
/wiki/Sand_casting,2,Sand casting
/wiki/Sintering,2,Sintering
/wiki/Powder_metallurgy,2,Powder metallurgy
/wiki/Blow_molding,2,Blow molding
/wiki/Plastic_container,2,Plastic container
/wiki/Glass_container_industry,2,Glass container industry
/wiki/Compression_molding,2,Compression molding
/wiki/Comminution,2,Comminution
/wiki/Froth_flotation,2,Froth flotation
/wiki/Flotation_process,2,Flotation process
/wiki/Liquid%E2%80%93liquid_extraction,2,Liquid%e2%80%93liquid extraction
/wiki/Frasch_process,2,Frasch process
/wiki/Distillation,2,Distillation
/wiki/Volatility_(chemistry),2,Volatility (chemistry)
/wiki/Evaporation,2,Evaporation
/wiki/Condensation,2,Condensation
/wiki/Fractional_distillation,2,Fractional distillation
/wiki/Steam_distillation,2,Steam distillation
/wiki/Vacuum_distillation,2,Vacuum distillation
/wiki/Batch_distillation,2,Batch distillation
/wiki/Continuous_distillation,2,Continuous distillation
/wiki/Fractionating_column,2,Fractionating column
/wiki/Spinning_cone,2,Spinning cone
/wiki/Additive_manufacturing,2,Additive manufacturing
/wiki/Fused_deposition_modeling,2,Fused deposition modeling
/wiki/Stereolithography,2,Stereolithography
/wiki/Selective_laser_sintering,2,Selective laser sintering
/wiki/Photolithography,2,Photolithography
/wiki/Cracking_(chemistry),2,Cracking (chemistry)
/wiki/Alkylation,2,Alkylation
/wiki/Burton_process,2,Burton process
/wiki/Cumene_process,2,Cumene process
/wiki/Friedel-Crafts_reaction,2,Friedel-crafts reaction
/wiki/Kolbe-Schmitt_reaction,2,Kolbe-schmitt reaction
/wiki/Olefin_metathesis,2,Olefin metathesis
/wiki/Thermal_depolymerization,2,Thermal depolymerization
/wiki/Transesterification,2,Transesterification
/wiki/Raschig_hydroxylamine_process,2,Raschig hydroxylamine process
/wiki/Hydroxylamine,2,Hydroxylamine
/wiki/Oxo_process,2,Oxo process
/wiki/Polymerisation,2,Polymerisation
/wiki/Hall-H%C3%A9roult_process,2,Hall-h%c3%a9roult process
/wiki/Deville_process,2,Deville process
/wiki/Bayer_process,2,Bayer process
/wiki/W%C3%B6hler_process,2,W%c3%b6hler process
/wiki/Ammonia,2,Ammonia
/wiki/Bromine,2,Bromine
/wiki/Dow_process,2,Dow process
/wiki/Chlorine,2,Chlorine
/wiki/Chloralkali_process,2,Chloralkali process
/wiki/Weldon_process,2,Weldon process
/wiki/Sodium_hypochlorite#Production,2,Sodium hypochlorite#production
/wiki/Rendering_(industrial),2,Rendering (industrial)
/wiki/Nitrophosphate_process,2,Nitrophosphate process
/wiki/Float_glass,2,Float glass
/wiki/Bacterial_oxidation,2,Bacterial oxidation
/wiki/Parkes_process,2,Parkes process
/wiki/Graphite,2,Graphite
/wiki/Acheson_process,2,Acheson process
/wiki/Heavy_water,2,Heavy water
/wiki/Girdler_sulfide_process,2,Girdler sulfide process
/wiki/Water%E2%80%93gas_shift_reaction,2,Water%e2%80%93gas shift reaction
/wiki/Steam_reforming,2,Steam reforming
/wiki/Bismuth,2,Bismuth
/wiki/Betts_electrolytic_process,2,Betts electrolytic process
/wiki/Betterton-Kroll_process,2,Betterton-kroll process
/wiki/Nickel,2,Nickel
/wiki/Mond_process,2,Mond process
/wiki/Nitric_acid,2,Nitric acid
/wiki/Ostwald_process,2,Ostwald process
/wiki/Pulping,2,Pulping
/wiki/Kraft_process,2,Kraft process
/wiki/Fourdrinier_machine,2,Fourdrinier machine
/wiki/Vulcanization,2,Vulcanization
/wiki/Alberger_process,2,Alberger process
/wiki/Grainer_evaporation_process,2,Grainer evaporation process
/wiki/Semiconductor,2,Semiconductor
/wiki/Bridgman%E2%80%93Stockbarger_method,2,Bridgman%e2%80%93stockbarger method
/wiki/Czochralski_method,2,Czochralski method
/wiki/Patio_process,2,Patio process
/wiki/Silicon_carbide,2,Silicon carbide
/wiki/Lely_process,2,Lely process
/wiki/Sodium_carbonate,2,Sodium carbonate
/wiki/Leblanc_process,2,Leblanc process
/wiki/Solvay_process,2,Solvay process
/wiki/Leblanc-Deacon_process,2,Leblanc-deacon process
/wiki/Sulfuric_acid,2,Sulfuric acid
/wiki/Lead_chamber_process,2,Lead chamber process
/wiki/Contact_process,2,Contact process
/wiki/Titanium,2,Titanium
/wiki/Hunter_process,2,Hunter process
/wiki/Kroll_process,2,Kroll process
/wiki/Zirconium,2,Zirconium
/wiki/Van_Arkel%E2%80%93de_Boer_process,2,Van arkel%e2%80%93de boer process
/wiki/Industrial_rendering,2,Industrial rendering
/wiki/Packaging,2,Packaging
/wiki/Pidgeon_process,2,Pidgeon process
/wiki/Water_gas_shift_reaction,2,Water gas shift reaction
/wiki/Vacuum_metalising,2,Vacuum metalising
/wiki/Formox_process,2,Formox process
/wiki/Chemical_engineering,2,Chemical engineering
/wiki/Mass_production,2,Mass production
/wiki/Template:Industries,2,Template:industries
/wiki/Template_talk:Industries,2,Template talk:industries
/wiki/Industry_(economics),2,Industry (economics)
/wiki/Primary_sector_of_the_economy,2,Primary sector of the economy
/wiki/Agriculture,2,Agriculture
/wiki/Arable_farming,2,Arable farming
/wiki/Cereal#Production,2,Cereal#production
/wiki/Legume#Uses,2,Legume#uses
/wiki/Vegetable_farming,2,Vegetable farming
/wiki/Fiber_crop,2,Fiber crop
/wiki/Vegetable_oil,2,Vegetable oil
/wiki/Sugar_industry,2,Sugar industry
/wiki/Tobacco_industry,2,Tobacco industry
/wiki/Permanent_crop,2,Permanent crop
/wiki/Pome,2,Pome
/wiki/Berry#Commercial_production,2,Berry#commercial production
/wiki/Citrus_production,2,Citrus production
/wiki/Drupe,2,Drupe
/wiki/Viticulture,2,Viticulture
/wiki/Cocoa_bean#Cultivation,2,Cocoa bean#cultivation
/wiki/Coffee_industry,2,Coffee industry
/wiki/Tea#Production,2,Tea#production
/wiki/Nut_(fruit)#Production,2,Nut (fruit)#production
/wiki/Olive,2,Olive
/wiki/Medicinal_plants,2,Medicinal plants
/wiki/Spice,2,Spice
/wiki/Horticulture_industry,2,Horticulture industry
/wiki/Floral_industry,2,Floral industry
/wiki/Seed_company,2,Seed company
/wiki/Animal_husbandry,2,Animal husbandry
/wiki/Beef_cattle,2,Beef cattle
/wiki/Dairy_farming#Market,2,Dairy farming#market
/wiki/Fur_farming,2,Fur farming
/wiki/Horse_industry,2,Horse industry
/wiki/Livestock,2,Livestock
/wiki/Pig_farming,2,Pig farming
/wiki/Wool#Production,2,Wool#production
/wiki/Poultry_farming,2,Poultry farming
/wiki/Beekeeping,2,Beekeeping
/wiki/Cochineal#Farming,2,Cochineal#farming
/wiki/Lac,2,Lac
/wiki/Silk#Production_process,2,Silk#production process
/wiki/Hunting,2,Hunting
/wiki/Trapping,2,Trapping
/wiki/Forestry,2,Forestry
/wiki/Silviculture,2,Silviculture
/wiki/Bamboo_cultivation,2,Bamboo cultivation
/wiki/Logging,2,Logging
/wiki/Firewood,2,Firewood
/wiki/Rattan#Economic_and_environmental_issues,2,Rattan#economic and environmental issues
/wiki/Frankincense#Production,2,Frankincense#production
/wiki/Gum_arabic#Production,2,Gum arabic#production
/wiki/Gutta-percha#Uses,2,Gutta-percha#uses
/wiki/Maple_syrup#Production,2,Maple syrup#production
/wiki/Mastic_(plant_resin)#Cultivation,2,Mastic (plant resin)#cultivation
/wiki/Natural_rubber#Production,2,Natural rubber#production
/wiki/Palm_sugar,2,Palm sugar
/wiki/Palm_syrup,2,Palm syrup
/wiki/Palm_wine,2,Palm wine
/wiki/Naval_stores_industry,2,Naval stores industry
/wiki/Mushroom_hunting,2,Mushroom hunting
/wiki/Fungiculture,2,Fungiculture
/wiki/Truffle,2,Truffle
/wiki/Fishing_industry,2,Fishing industry
/wiki/Anchovy#Fisheries,2,Anchovy#fisheries
/wiki/Herring#Fisheries,2,Herring#fisheries
/wiki/Sardine#Fisheries,2,Sardine#fisheries
/wiki/Cod_fisheries,2,Cod fisheries
/wiki/Haddock#Fisheries,2,Haddock#fisheries
/wiki/Alaska_pollock#Fisheries,2,Alaska pollock#fisheries
/wiki/Mackerel#Fisheries,2,Mackerel#fisheries
/wiki/Shark#Fishery,2,Shark#fishery
/wiki/Swordfish#Fisheries,2,Swordfish#fisheries
/wiki/Tuna#Fishing_industry,2,Tuna#fishing industry
/wiki/Crab_fisheries,2,Crab fisheries
/wiki/Lobster_fishing,2,Lobster fishing
/wiki/Sea_urchin#As_food,2,Sea urchin#as food
/wiki/Squid#Commercial_fishing,2,Squid#commercial fishing
/wiki/Whaling,2,Whaling
/wiki/Aquaculture,2,Aquaculture
/wiki/Carp#Aquaculture,2,Carp#aquaculture
/wiki/Aquaculture_of_catfish,2,Aquaculture of catfish
/wiki/Aquaculture_of_tilapia,2,Aquaculture of tilapia
/wiki/Abalone#Farming,2,Abalone#farming
/wiki/Mussel#Aquaculture,2,Mussel#aquaculture
/wiki/Oyster_farming,2,Oyster farming
/wiki/Cultured_pearl,2,Cultured pearl
/wiki/Culture_of_microalgae_in_hatcheries,2,Culture of microalgae in hatcheries
/wiki/Seaweed_farming,2,Seaweed farming
/wiki/Clam_digging,2,Clam digging
/wiki/Sea_cucumber_as_food,2,Sea cucumber as food
/wiki/Scallop#Seafood_industry,2,Scallop#seafood industry
/wiki/Salmon,2,Salmon
/wiki/Shrimp#Human_uses,2,Shrimp#human uses
/wiki/Fossil_fuel_industry,2,Fossil fuel industry
/wiki/Coal_industry,2,Coal industry
/wiki/Peat,2,Peat
/wiki/Oil_shale_industry,2,Oil shale industry
/wiki/Petroleum_industry,2,Petroleum industry
/wiki/Oil_sands,2,Oil sands
/wiki/Mining,2,Mining
/wiki/Aluminium#Production_and_refinement,2,Aluminium#production and refinement
/wiki/Copper#Production,2,Copper#production
/wiki/Iron_ore#Production_and_consumption,2,Iron ore#production and consumption
/wiki/Gold_mining,2,Gold mining
/wiki/Silver_mining,2,Silver mining
/wiki/Palladium,2,Palladium
/wiki/Platinum#Production,2,Platinum#production
/wiki/Lithium#Production,2,Lithium#production
/wiki/Rare-earth_element#Global_rare-earth_production,2,Rare-earth element#global rare-earth production
/wiki/Uranium_mining,2,Uranium mining
/wiki/Mineral,2,Mineral
/wiki/Gemstone,2,Gemstone
/wiki/Phosphorus#Production,2,Phosphorus#production
/wiki/Potash#Production,2,Potash#production
/wiki/Salt#Production,2,Salt#production
/wiki/Sulfur#Production,2,Sulfur#production
/wiki/Quarry,2,Quarry
/wiki/Gravel_pit,2,Gravel pit
/wiki/Sand_mining,2,Sand mining
/wiki/Chalk_mining,2,Chalk mining
/wiki/Clay_pit,2,Clay pit
/wiki/Gypsum#Mining,2,Gypsum#mining
/wiki/Limestone#Uses,2,Limestone#uses
/wiki/Dimension_stone#Production,2,Dimension stone#production
/wiki/Granite#Industry,2,Granite#industry
/wiki/Marble#Production,2,Marble#production
/wiki/Secondary_sector_of_the_economy,2,Secondary sector of the economy
/wiki/Manufacturing,2,Manufacturing
/wiki/Light_industry,2,Light industry
/wiki/Food_industry,2,Food industry
/wiki/Feed_manufacturing,2,Feed manufacturing
/wiki/Baking#Commercial_baking,2,Baking#commercial baking
/wiki/Canning,2,Canning
/wiki/Dairy_product,2,Dairy product
/wiki/Flour,2,Flour
/wiki/Meat_industry,2,Meat industry
/wiki/Convenience_food,2,Convenience food
/wiki/Food_preservation,2,Food preservation
/wiki/Candy_making,2,Candy making
/wiki/Vegetable_oil#Production,2,Vegetable oil#production
/wiki/Drink_industry,2,Drink industry
/wiki/Brewing_industry,2,Brewing industry
/wiki/Bottled_water,2,Bottled water
/wiki/Liquor,2,Liquor
/wiki/Soft_drink,2,Soft drink
/wiki/Winemaking,2,Winemaking
/wiki/Textile_industry,2,Textile industry
/wiki/Carding,2,Carding
/wiki/Dyeing,2,Dyeing
/wiki/Textile_printing,2,Textile printing
/wiki/Spinning_(textiles),2,Spinning (textiles)
/wiki/Weaving,2,Weaving
/wiki/Carpet,2,Carpet
/wiki/Lace,2,Lace
/wiki/Linens,2,Linens
/wiki/Rope,2,Rope
/wiki/Clothing_industry,2,Clothing industry
/wiki/Fashion_accessory,2,Fashion accessory
/wiki/Dressmaker,2,Dressmaker
/wiki/Fur_clothing,2,Fur clothing
/wiki/Hatmaking,2,Hatmaking
/wiki/Sewing,2,Sewing
/wiki/Shoemaking,2,Shoemaking
/wiki/Tailor,2,Tailor
/wiki/Printing,2,Printing
/wiki/Bookbinding,2,Bookbinding
/wiki/Paper_embossing,2,Paper embossing
/wiki/Engraving,2,Engraving
/wiki/Security_printing,2,Security printing
/wiki/Typesetting,2,Typesetting
/wiki/Cassette_tape,2,Cassette tape
/wiki/Production_of_phonograph_records,2,Production of phonograph records
/wiki/Compact_Disc_manufacturing,2,Compact disc manufacturing
/wiki/Metal_fabrication,2,Metal fabrication
/wiki/Boilermaking,2,Boilermaking
/wiki/Builders_hardware,2,Builders hardware
/wiki/Household_hardware,2,Household hardware
/wiki/Cutlery,2,Cutlery
/wiki/Gunsmith,2,Gunsmith
/wiki/Locksmithing,2,Locksmithing
/wiki/Machine_shop,2,Machine shop
/wiki/Metalsmith,2,Metalsmith
/wiki/Prefabrication,2,Prefabrication
/wiki/Surface_finishing,2,Surface finishing
/wiki/3D_printing,2,3d printing
/wiki/Drawing_(manufacturing),2,Drawing (manufacturing)
/wiki/Extrusion,2,Extrusion
/wiki/Glassblowing,2,Glassblowing
/wiki/Injection_moulding,2,Injection moulding
/wiki/Pottery,2,Pottery
/wiki/Stonemasonry,2,Stonemasonry
/wiki/Woodworking,2,Woodworking
/wiki/Furniture,2,Furniture
/wiki/Baggage,2,Baggage
/wiki/Bicycle_industry,2,Bicycle industry
/wiki/Jewellery,2,Jewellery
/wiki/Medical_device,2,Medical device
/wiki/Musical_instrument,2,Musical instrument
/wiki/Office_supplies,2,Office supplies
/wiki/Sports_equipment,2,Sports equipment
/wiki/Personal_protective_equipment,2,Personal protective equipment
/wiki/Toy#Economics,2,Toy#economics
/wiki/Electronics_industry,2,Electronics industry
/wiki/Electronic_component,2,Electronic component
/wiki/Printed_circuit_board#Manufacturing,2,Printed circuit board#manufacturing
/wiki/Semiconductor_industry,2,Semiconductor industry
/wiki/Computer_industry,2,Computer industry
/wiki/Computer_data_storage#Storage_media,2,Computer data storage#storage media
/wiki/Telecommunications_equipment,2,Telecommunications equipment
/wiki/Mobile_phone#Sales,2,Mobile phone#sales
/wiki/Network_equipment_provider,2,Network equipment provider
/wiki/Consumer_electronics#Products,2,Consumer electronics#products
/wiki/Television_set#Major_manufacturers,2,Television set#major manufacturers
/wiki/Video_game_console#Market,2,Video game console#market
/wiki/Instrumentation,2,Instrumentation
/wiki/Clockmaker,2,Clockmaker
/wiki/Watchmaker,2,Watchmaker
/wiki/Satellite_navigation_device#Consumer_applications,2,Satellite navigation device#consumer applications
/wiki/Scientific_instrument#List_of_scientific_instruments_manufacturers,2,Scientific instrument#list of scientific instruments manufacturers
/wiki/Medical_imaging#Industry,2,Medical imaging#industry
/wiki/Optical_instrument,2,Optical instrument
/wiki/Camera,2,Camera
/wiki/Telescopic_sight,2,Telescopic sight
/wiki/Spotting_scope,2,Spotting scope
/wiki/Laser_construction,2,Laser construction
/wiki/Optical_manufacturing_and_testing,2,Optical manufacturing and testing
/wiki/Microscope,2,Microscope
/wiki/Telescope,2,Telescope
/wiki/Electrical_device,2,Electrical device
/wiki/Electric_battery,2,Electric battery
/wiki/Electrical_cable,2,Electrical cable
/wiki/Optical_fiber,2,Optical fiber
/wiki/Electric_light,2,Electric light
/wiki/Electric_motor,2,Electric motor
/wiki/Home_appliance,2,Home appliance
/wiki/Transformer,2,Transformer
/wiki/Chemical_industry,2,Chemical industry
/wiki/Oil_refinery,2,Oil refinery
/wiki/Bitumen,2,Bitumen
/wiki/Diesel_fuel,2,Diesel fuel
/wiki/Fuel_oil,2,Fuel oil
/wiki/Gasoline,2,Gasoline
/wiki/Jet_fuel,2,Jet fuel
/wiki/Kerosene,2,Kerosene
/wiki/Mineral_oil,2,Mineral oil
/wiki/Paraffin_wax,2,Paraffin wax
/wiki/Petrochemical,2,Petrochemical
/wiki/Petroleum_jelly,2,Petroleum jelly
/wiki/Propane,2,Propane
/wiki/Synthetic_oil,2,Synthetic oil
/wiki/Tar,2,Tar
/wiki/Commodity_chemicals,2,Commodity chemicals
/wiki/Fertilizer#Production,2,Fertilizer#production
/wiki/Industrial_gas,2,Industrial gas
/wiki/Pigment,2,Pigment
/wiki/Pure_element,2,Pure element
/wiki/Speciality_chemicals,2,Speciality chemicals
/wiki/Adhesive,2,Adhesive
/wiki/Agrochemical,2,Agrochemical
/wiki/Aroma_compound,2,Aroma compound
/wiki/Cleaning_agent,2,Cleaning agent
/wiki/Cosmetics,2,Cosmetics
/wiki/Explosive,2,Explosive
/wiki/Fireworks,2,Fireworks
/wiki/Paint,2,Paint
/wiki/Ink,2,Ink
/wiki/Perfume,2,Perfume
/wiki/Soap,2,Soap
/wiki/Toiletries,2,Toiletries
/wiki/Fine_chemical,2,Fine chemical
/wiki/Pharmaceutical_industry,2,Pharmaceutical industry
/wiki/Production_of_antibiotics,2,Production of antibiotics
/wiki/Blood_product,2,Blood product
/wiki/Birth_control,2,Birth control
/wiki/Generic_drug,2,Generic drug
/wiki/Illegal_drug_trade,2,Illegal drug trade
/wiki/Dietary_supplement,2,Dietary supplement
/wiki/Vaccine,2,Vaccine
/wiki/Leather,2,Leather
/wiki/Liming_(leather_processing),2,Liming (leather processing)
/wiki/Deliming,2,Deliming
/wiki/Tanning_(leather),2,Tanning (leather)
/wiki/Currier,2,Currier
/wiki/Oiling_(leather_processing),2,Oiling (leather processing)
/wiki/Wood_industry,2,Wood industry
/wiki/Wood_drying,2,Wood drying
/wiki/Sawmill,2,Sawmill
/wiki/Engineered_wood,2,Engineered wood
/wiki/Lumber,2,Lumber
/wiki/Wood-plastic_composite,2,Wood-plastic composite
/wiki/Pulp_and_paper_industry,2,Pulp and paper industry
/wiki/Sizing#Papermaking,2,Sizing#papermaking
/wiki/Cardboard,2,Cardboard
/wiki/Pulp_(paper),2,Pulp (paper)
/wiki/Tissue_paper,2,Tissue paper
/wiki/Synthetic_rubber,2,Synthetic rubber
/wiki/Tire_manufacturing,2,Tire manufacturing
/wiki/Plastics_industry,2,Plastics industry
/wiki/Commodity_plastics,2,Commodity plastics
/wiki/Engineering_plastic,2,Engineering plastic
/wiki/High-performance_plastics,2,High-performance plastics
/wiki/Pelletizing,2,Pelletizing
/wiki/Synthetic_fiber,2,Synthetic fiber
/wiki/Thermoplastic,2,Thermoplastic
/wiki/Thermosetting_polymer,2,Thermosetting polymer
/wiki/Glass_production,2,Glass production
/wiki/Borosilicate_glass,2,Borosilicate glass
/wiki/Fused_quartz,2,Fused quartz
/wiki/Soda%E2%80%93lime_glass,2,Soda%e2%80%93lime glass
/wiki/Glass_fiber,2,Glass fiber
/wiki/Glass_wool,2,Glass wool
/wiki/Fiberglass,2,Fiberglass
/wiki/Safety_glass,2,Safety glass
/wiki/Ceramic,2,Ceramic
/wiki/Brickworks,2,Brickworks
/wiki/Earthenware,2,Earthenware
/wiki/Porcelain#Other_uses,2,Porcelain#other uses
/wiki/Refractory,2,Refractory
/wiki/Tile,2,Tile
/wiki/Cement_industry,2,Cement industry
/wiki/Mortar_(masonry),2,Mortar (masonry)
/wiki/Plaster,2,Plaster
/wiki/Ready-mix_concrete,2,Ready-mix concrete
/wiki/Abrasive,2,Abrasive
/wiki/Carbon_fibers,2,Carbon fibers
/wiki/Allotropes_of_carbon,2,Allotropes of carbon
/wiki/Mineral_wool,2,Mineral wool
/wiki/Synthetic_gem,2,Synthetic gem
/wiki/Extractive_metallurgy,2,Extractive metallurgy
/wiki/Ironworks,2,Ironworks
/wiki/Aluminium_smelting,2,Aluminium smelting
/wiki/Copper_extraction,2,Copper extraction
/wiki/Alloy,2,Alloy
/wiki/Steel_mill,2,Steel mill
/wiki/Forming_(metalworking),2,Forming (metalworking)
/wiki/Rolling_(metalworking),2,Rolling (metalworking)
/wiki/Foundry,2,Foundry
/wiki/Heavy_industry,2,Heavy industry
/wiki/Machine_industry,2,Machine industry
/wiki/Conveyor_system,2,Conveyor system
/wiki/Heavy_equipment,2,Heavy equipment
/wiki/Hydraulic_machinery,2,Hydraulic machinery
/wiki/Machine_tool_builder,2,Machine tool builder
/wiki/Turbo_generator,2,Turbo generator
/wiki/Wind_turbine,2,Wind turbine
/wiki/Automotive_industry,2,Automotive industry
/wiki/Vehicle,2,Vehicle
/wiki/Aerospace_industry,2,Aerospace industry
/wiki/Space_industry,2,Space industry
/wiki/Rolling_stock,2,Rolling stock
/wiki/Shipbuilding,2,Shipbuilding
/wiki/Oil_platform,2,Oil platform
/wiki/Arms_industry,2,Arms industry
/wiki/Public_utility,2,Public utility
/wiki/Electric_power_industry,2,Electric power industry
/wiki/Natural_gas#Domestic_use,2,Natural gas#domestic use
/wiki/Renewable_energy_commercialization,2,Renewable energy commercialization
/wiki/Water_industry,2,Water industry
/wiki/Sewage_treatment,2,Sewage treatment
/wiki/Waste_management_industry,2,Waste management industry
/wiki/Waste_collection,2,Waste collection
/wiki/Landfill,2,Landfill
/wiki/Hazardous_waste,2,Hazardous waste
/wiki/Recycling,2,Recycling
/wiki/Environmental_remediation,2,Environmental remediation
/wiki/Telecommunications_industry,2,Telecommunications industry
/wiki/Cable_television,2,Cable television
/wiki/Internet_service_provider,2,Internet service provider
/wiki/Mobile_phone_operator,2,Mobile phone operator
/wiki/Communications_satellite,2,Communications satellite
/wiki/Telephone_company,2,Telephone company
/wiki/Construction,2,Construction
/wiki/Building,2,Building
/wiki/Commercial_property,2,Commercial property
/wiki/Industrial_architecture,2,Industrial architecture
/wiki/Home_construction,2,Home construction
/wiki/Civil_engineering,2,Civil engineering
/wiki/Bridge_building,2,Bridge building
/wiki/Railway_track,2,Railway track
/wiki/Roadbuilding,2,Roadbuilding
/wiki/Tunnel#Construction,2,Tunnel#construction
/wiki/Canal#Construction,2,Canal#construction
/wiki/Dam,2,Dam
/wiki/Dredging#Major_dredging_companies,2,Dredging#major dredging companies
/wiki/Harbor,2,Harbor
/wiki/Cabinetry,2,Cabinetry
/wiki/Demolition,2,Demolition
/wiki/Electrical_wiring,2,Electrical wiring
/wiki/Elevator_mechanic,2,Elevator mechanic
"/wiki/Heating,_ventilation,_and_air_conditioning#HVAC_industry_and_standards",2,"Heating, ventilation, and air conditioning#hvac industry and standards"
/wiki/House_painter_and_decorator,2,House painter and decorator
/wiki/Plumbing,2,Plumbing
/wiki/Earthworks_(engineering),2,Earthworks (engineering)
/wiki/Tertiary_sector_of_the_economy,2,Tertiary sector of the economy
/wiki/Sales,2,Sales
/wiki/Retail,2,Retail
/wiki/Car_dealership,2,Car dealership
/wiki/Fast-moving_consumer_goods,2,Fast-moving consumer goods
/wiki/General_store,2,General store
/wiki/Grocery_store,2,Grocery store
/wiki/Department_store,2,Department store
/wiki/Mail_order,2,Mail order
/wiki/Online_shopping,2,Online shopping
/wiki/Specialty_store,2,Specialty store
/wiki/Wholesaling,2,Wholesaling
/wiki/Auction,2,Auction
/wiki/Broker,2,Broker
/wiki/Distribution_(marketing),2,Distribution (marketing)
/wiki/Transport,2,Transport
/wiki/Cargo,2,Cargo
/wiki/Air_cargo,2,Air cargo
/wiki/Intermodal_freight_transport,2,Intermodal freight transport
/wiki/Mail,2,Mail
/wiki/Moving_company,2,Moving company
/wiki/Rail_freight_transport,2,Rail freight transport
/wiki/Trucking,2,Trucking
/wiki/Passenger_transport,2,Passenger transport
/wiki/Airline,2,Airline
/wiki/Car_rental,2,Car rental
/wiki/Passenger_rail,2,Passenger rail
/wiki/Ridesharing_company,2,Ridesharing company
/wiki/Taxi,2,Taxi
/wiki/Warehouse,2,Warehouse
/wiki/Self_storage,2,Self storage
/wiki/Hospitality_industry,2,Hospitality industry
/wiki/Foodservice,2,Foodservice
/wiki/Drinking_establishment,2,Drinking establishment
/wiki/Coffeehouse,2,Coffeehouse
/wiki/Catering,2,Catering
/wiki/Fast_food,2,Fast food
/wiki/Food_delivery,2,Food delivery
/wiki/Restaurant,2,Restaurant
/wiki/Teahouse,2,Teahouse
/wiki/Hotel,2,Hotel
/wiki/Asset_management,2,Asset management
/wiki/Financial_services,2,Financial services
/wiki/Bank,2,Bank
/wiki/Credit,2,Credit
/wiki/Financial_adviser,2,Financial adviser
/wiki/Holding_company,2,Holding company
/wiki/Electronic_funds_transfer,2,Electronic funds transfer
/wiki/Payment_card_industry,2,Payment card industry
/wiki/Risk_management,2,Risk management
/wiki/Security_(finance),2,Security (finance)
/wiki/Insurance,2,Insurance
/wiki/Health_insurance,2,Health insurance
/wiki/Life_insurance,2,Life insurance
/wiki/Pension_fund,2,Pension fund
/wiki/Property_insurance,2,Property insurance
/wiki/Reinsurance,2,Reinsurance
/wiki/Real_estate_economics,2,Real estate economics
/wiki/Real_estate_agent,2,Real estate agent
/wiki/Property_management,2,Property management
/wiki/Professional_services,2,Professional services
/wiki/Accounting_network,2,Accounting network
/wiki/Assurance_services,2,Assurance services
/wiki/Audit,2,Audit
/wiki/Bookkeeping,2,Bookkeeping
/wiki/Tax_advisor,2,Tax advisor
/wiki/Architectural_firm,2,Architectural firm
/wiki/Engineering,2,Engineering
/wiki/Inspection,2,Inspection
/wiki/Surveying,2,Surveying
/wiki/Physical_test,2,Physical test
/wiki/Product_testing,2,Product testing
/wiki/System_testing,2,System testing
/wiki/Design,2,Design
/wiki/Fashion_design,2,Fashion design
/wiki/Interior_design,2,Interior design
/wiki/Industrial_design,2,Industrial design
/wiki/Practice_of_law,2,Practice of law
/wiki/Management,2,Management
/wiki/Consulting_firm,2,Consulting firm
/wiki/Public_relations,2,Public relations
/wiki/Marketing,2,Marketing
/wiki/Advertising_industry,2,Advertising industry
/wiki/Healthcare_industry,2,Healthcare industry
/wiki/Dentist_office,2,Dentist office
/wiki/Hospital,2,Hospital
/wiki/Nursing,2,Nursing
/wiki/Residential_care,2,Residential care
/wiki/Veterinary_medicine,2,Veterinary medicine
/wiki/Entertainment#Industry,2,Entertainment#industry
/wiki/Leisure_industry,2,Leisure industry
/wiki/Casino,2,Casino
/wiki/Online_gambling,2,Online gambling
/wiki/Sport_industry,2,Sport industry
/wiki/Amusement_arcade,2,Amusement arcade
/wiki/Amusement_park,2,Amusement park
/wiki/Fair,2,Fair
/wiki/Nightclub,2,Nightclub
/wiki/Customer_service,2,Customer service
/wiki/Lease,2,Lease
/wiki/Renting,2,Renting
/wiki/Employment_agency,2,Employment agency
/wiki/Private_investigator,2,Private investigator
/wiki/Security_company,2,Security company
/wiki/Janitor,2,Janitor
/wiki/Landscape_maintenance,2,Landscape maintenance
/wiki/Maintenance_(technical),2,Maintenance (technical)
/wiki/Beauty_salon,2,Beauty salon
/wiki/Dry_cleaning,2,Dry cleaning
/wiki/Funeral_industry,2,Funeral industry
/wiki/Maid_service,2,Maid service
/wiki/Pet_industry,2,Pet industry
/wiki/Sex_industry,2,Sex industry
/wiki/Poverty_industry,2,Poverty industry
/wiki/Business_travel,2,Business travel
/wiki/Cruise_line,2,Cruise line
/wiki/Tourism,2,Tourism
/wiki/Quaternary_sector_of_the_economy,2,Quaternary sector of the economy
/wiki/Publishing,2,Publishing
/wiki/Mass_media,2,Mass media
/wiki/Book,2,Book
/wiki/Periodical_literature,2,Periodical literature
/wiki/Software_industry,2,Software industry
/wiki/Film_industry,2,Film industry
/wiki/Music_industry,2,Music industry
/wiki/Video_game_industry,2,Video game industry
/wiki/Broadcasting,2,Broadcasting
/wiki/News_agency,2,News agency
/wiki/Radio_industry,2,Radio industry
/wiki/Television#Content,2,Television#content
/wiki/Internet,2,Internet
/wiki/Web_hosting_service,2,Web hosting service
/wiki/Social_networking_service,2,Social networking service
/wiki/Streaming_media,2,Streaming media
/wiki/Website,2,Website
/wiki/Education,2,Education
/wiki/Primary_education,2,Primary education
/wiki/Secondary_education,2,Secondary education
/wiki/Tertiary_education,2,Tertiary education
/wiki/Vocational_school,2,Vocational school
/wiki/University,2,University
/wiki/Standardized_test,2,Standardized test
/wiki/Tutoring,2,Tutoring
/wiki/Creative_industries,2,Creative industries
/wiki/Language_industry,2,Language industry
/wiki/Research_and_development,2,Research and development
/wiki/Basic_research,2,Basic research
/wiki/Industry_classification,2,Industry classification
/wiki/Australian_and_New_Zealand_Standard_Industrial_Classification,2,Australian and new zealand standard industrial classification
/wiki/International_Standard_Industrial_Classification,2,International standard industrial classification
/wiki/Statistical_Classification_of_Economic_Activities_in_the_European_Community,2,Statistical classification of economic activities in the european community
/wiki/North_American_Industry_Classification_System,2,North american industry classification system
/wiki/Standard_Industrial_Classification,2,Standard industrial classification
/wiki/United_Kingdom_Standard_Industrial_Classification_of_Economic_Activities,2,United kingdom standard industrial classification of economic activities
/wiki/Global_Industry_Classification_Standard,2,Global industry classification standard
/wiki/Industry_Classification_Benchmark,2,Industry classification benchmark
/wiki/The_Refinitiv_Business_Classification,2,The refinitiv business classification
/wiki/Factors_of_production,2,Factors of production
/wiki/Output_(economics),2,Output (economics)
/wiki/Externality,2,Externality
/wiki/Community,2,Community
/wiki/Crime,2,Crime
/wiki/Culture,2,Culture
/wiki/Pollution,2,Pollution
/wiki/Well-being,2,Well-being
/wiki/Funding,2,Funding
/wiki/Goods,2,Goods
/wiki/Commodity,2,Commodity
/wiki/Final_good,2,Final good
/wiki/Intermediate_good,2,Intermediate good
/wiki/Raw_material,2,Raw material
/wiki/Innovation,2,Innovation
/wiki/Work_(human_activity),2,Work (human activity)
/wiki/Natural_resource,2,Natural resource
/wiki/Physical_capital,2,Physical capital
/wiki/Service_(economics),2,Service (economics)
/wiki/Technology,2,Technology
/wiki/Organization,2,Organization
/wiki/Centralization,2,Centralization
/wiki/Cartel,2,Cartel
/wiki/Conglomerate_(company),2,Conglomerate (company)
/wiki/Horizontal_integration,2,Horizontal integration
/wiki/Mergers_and_acquisitions,2,Mergers and acquisitions
/wiki/Monopoly,2,Monopoly
/wiki/Monopsony,2,Monopsony
/wiki/Vertical_integration,2,Vertical integration
/wiki/Decentralization,2,Decentralization
/wiki/Competition_law,2,Competition law
/wiki/Freelancer,2,Freelancer
/wiki/Homesteading,2,Homesteading
/wiki/Outsourcing,2,Outsourcing
/wiki/Putting-out_system,2,Putting-out system
/wiki/Corporate_spin-off,2,Corporate spin-off
/wiki/Temporary_work,2,Temporary work
/wiki/Ownership,2,Ownership
/wiki/Cooperative,2,Cooperative
/wiki/Joint-stock_company,2,Joint-stock company
/wiki/Nationalization,2,Nationalization
/wiki/Nonprofit_organization,2,Nonprofit organization
/wiki/Partnership,2,Partnership
/wiki/Privatization,2,Privatization
/wiki/Sole_proprietorship,2,Sole proprietorship
/wiki/State-owned_enterprise,2,State-owned enterprise
/wiki/Outline_of_industry,2,Outline of industry
